,Y,G2.5-Pro,G3.1-Flash,G3.1-Lite,G2.5-Flash,G2.5-Lite,Qwen-Next,Qwen-235B,OSS-120B,Qwen-Coder,OSS-20B
Y,1.0,0.3603,0.3409,0.3379,0.3306,0.3048,0.279,0.2761,0.2556,0.24,0.2379
G2.5-Pro,0.3603,1.0,0.722,0.6743,0.8044,0.6093,0.5315,0.588,0.5792,0.5358,0.5027
G3.1-Flash,0.3409,0.722,1.0,0.6515,0.7021,0.5093,0.5103,0.5526,0.6163,0.4473,0.5566
G3.1-Lite,0.3379,0.6743,0.6515,1.0,0.6856,0.6005,0.5659,0.6276,0.5428,0.5628,0.5254
G2.5-Flash,0.3306,0.8044,0.7021,0.6856,1.0,0.6103,0.5556,0.6468,0.5942,0.5538,0.5687
G2.5-Lite,0.3048,0.6093,0.5093,0.6005,0.6103,1.0,0.5814,0.66,0.4547,0.6069,0.413
Qwen-Next,0.279,0.5315,0.5103,0.5659,0.5556,0.5814,1.0,0.6834,0.5713,0.6185,0.5452
Qwen-235B,0.2761,0.588,0.5526,0.6276,0.6468,0.66,0.6834,1.0,0.5823,0.6811,0.5255
OSS-120B,0.2556,0.5792,0.6163,0.5428,0.5942,0.4547,0.5713,0.5823,1.0,0.5162,0.7876
Qwen-Coder,0.24,0.5358,0.4473,0.5628,0.5538,0.6069,0.6185,0.6811,0.5162,1.0,0.4627
OSS-20B,0.2379,0.5027,0.5566,0.5254,0.5687,0.413,0.5452,0.5255,0.7876,0.4627,1.0
