pilot,budget,method,width_ratio,rmse_ratio,share_width,share_rmse,oracle_share,ceiling_ratio,coverage_pool,rmse_pool,mean_ci_width
50,100.0,Classical,1.0,1.0,0.0,0.0,,0.95794,0.9504,0.0174879659518272,0.0685879750290084
50,255.55555555555557,Classical,1.0,1.0,0.0,0.0,,0.93956,0.9504,0.0174879659518272,0.0685879750290084
50,411.1111111111111,Classical,1.0,1.0,0.0,0.0,,0.93096,0.9504,0.0174879659518272,0.0685879750290084
50,566.6666666666666,Classical,1.0,1.0,0.0,0.0,,0.92554,0.9504,0.0174879659518272,0.0685879750290084
50,722.2222222222222,Classical,1.0,1.0,0.0,0.0,,0.9217,0.9504,0.0174879659518272,0.0685879750290084
50,877.7777777777777,Classical,1.0,1.0,0.0,0.0,,0.91879,0.9504,0.0174879659518272,0.0685879750290084
50,1033.3333333333333,Classical,1.0,1.0,0.0,0.0,,0.91648,0.9504,0.0174879659518272,0.0685879750290084
50,1188.8888888888887,Classical,1.0,1.0,0.0,0.0,,0.91456,0.9504,0.0174879659518272,0.0685879750290084
50,1344.4444444444443,Classical,1.0,1.0,0.0,0.0,,0.91293,0.9504,0.0174879659518272,0.0685879750290084
50,1500.0,Classical,1.0,1.0,0.0,0.0,,0.91154,0.9504,0.0174879659518272,0.0685879750290084
50,100.0,VectorPPI++,1.0005,1.0009,-0.013,-0.021,0.1469,0.95794,0.9503,0.0175035133844564,0.0686249681940266
50,255.55555555555557,VectorPPI++,1.0013,1.0017,-0.022,-0.027,0.2399,0.93956,0.9496,0.0175168823151644,0.0686792416026313
50,411.1111111111111,VectorPPI++,1.002,1.0051,-0.029,-0.075,0.3124,0.93096,0.948,0.017578020601672,0.0687247297152053
50,566.6666666666666,VectorPPI++,1.0025,1.001,-0.034,-0.014,0.3713,0.92554,0.9512,0.0175060303407053,0.068760307480846
50,722.2222222222222,VectorPPI++,1.003,1.0025,-0.039,-0.031,0.4205,0.9217,0.9509,0.0175309866197904,0.0687966242520544
50,877.7777777777777,VectorPPI++,1.0034,1.0047,-0.042,-0.057,0.4625,0.91879,0.9504,0.0175695822113079,0.068823150403925
50,1033.3333333333333,VectorPPI++,1.0037,1.0044,-0.044,-0.052,0.4988,0.91648,0.9497,0.0175645038698623,0.0688421505910646
50,1188.8888888888887,VectorPPI++,1.004,1.0028,-0.047,-0.033,0.5303,0.91456,0.9492,0.0175372656119655,0.0688612325996837
50,1344.4444444444443,VectorPPI++,1.0043,1.0074,-0.049,-0.084,0.558,0.91293,0.9497,0.0176165175154233,0.0688819219851422
50,1500.0,VectorPPI++,1.0046,1.0041,-0.052,-0.046,0.5826,0.91154,0.9512,0.0175591523727563,0.0689016644953283
50,100.0,MultiPPI,0.9945,0.9942,0.13,0.137,1.0,0.95794,0.9511,0.017387149384009,0.0682125091248065
50,255.55555555555557,MultiPPI,0.9947,0.995,0.088,0.083,1.0,0.93956,0.9509,0.0174003080989341,0.0682213162803332
50,411.1111111111111,MultiPPI,0.9958,0.9981,0.061,0.027,0.9988,0.93096,0.9507,0.0174553264136572,0.0682983241859354
50,566.6666666666666,MultiPPI,0.9969,0.9975,0.041,0.034,0.9953,0.92554,0.9502,0.0174440783477227,0.0683786178319229
50,722.2222222222222,MultiPPI,0.998,0.9975,0.026,0.032,0.991,0.9217,0.9499,0.0174436936229297,0.0684489869068553
50,877.7777777777777,MultiPPI,0.9989,0.9998,0.014,0.002,0.9867,0.91879,0.9507,0.0174852686639488,0.0685094158460214
50,1033.3333333333333,MultiPPI,0.9996,1.0009,0.005,-0.01,0.9832,0.91648,0.9503,0.0175030912835066,0.0685606648820003
50,1188.8888888888887,MultiPPI,1.0002,1.0015,-0.003,-0.018,0.9801,0.91456,0.9506,0.0175148747255219,0.0686041950483576
50,1344.4444444444443,MultiPPI,1.0008,1.0012,-0.009,-0.014,0.9776,0.91293,0.9513,0.0175087084050843,0.0686426595126696
50,1500.0,MultiPPI,1.0013,1.0029,-0.015,-0.033,0.976,0.91154,0.9489,0.0175384544046005,0.0686759917407055
50,100.0,OMPPI(DAG),0.9918,0.9911,0.196,0.213,0.9498,0.95794,0.9508,0.0173314839362075,0.0680225575507038
50,255.55555555555557,OMPPI(DAG),0.9921,0.9918,0.131,0.136,0.9111,0.93956,0.9505,0.0173446771627814,0.0680433230321478
50,411.1111111111111,OMPPI(DAG),0.9904,0.9899,0.139,0.147,0.8946,0.93096,0.9513,0.017310489436909,0.0679296181674119
50,566.6666666666666,OMPPI(DAG),0.9892,0.9888,0.145,0.151,0.8786,0.92554,0.9502,0.0172912886654037,0.0678455674856976
50,722.2222222222222,OMPPI(DAG),0.9884,0.9891,0.149,0.14,0.8652,0.9217,0.9508,0.0172968341254674,0.0677900724116179
50,877.7777777777777,OMPPI(DAG),0.9877,0.9862,0.151,0.17,0.8541,0.91879,0.9505,0.0172468909428525,0.0677458631070227
50,1033.3333333333333,OMPPI(DAG),0.9871,0.9855,0.154,0.174,0.8447,0.91648,0.9497,0.0172338270926438,0.0677063543387055
50,1188.8888888888887,OMPPI(DAG),0.9867,0.9867,0.155,0.156,0.8364,0.91456,0.9495,0.0172547989274478,0.067678095383666
50,1344.4444444444443,OMPPI(DAG),0.9863,0.9861,0.157,0.16,0.8291,0.91293,0.9498,0.0172445601286162,0.0676514129018923
50,1500.0,OMPPI(DAG),0.986,0.9868,0.159,0.149,0.8227,0.91154,0.9493,0.0172578822436604,0.0676262106942353
50,100.0,OMPPI(Exhaustive),0.9918,0.9914,0.196,0.205,0.9498,0.95794,0.9511,0.0173371690173883,0.0680230573443627
50,255.55555555555557,OMPPI(Exhaustive),0.992,0.9934,0.132,0.109,0.9111,0.93956,0.9486,0.017372561838365,0.0680423535793008
50,411.1111111111111,OMPPI(Exhaustive),0.9904,0.9901,0.139,0.144,0.8946,0.93096,0.9503,0.0173144938891192,0.0679299450476081
50,566.6666666666666,OMPPI(Exhaustive),0.9892,0.9886,0.146,0.153,0.8786,0.92554,0.9505,0.0172890329758783,0.0678440264262304
50,722.2222222222222,OMPPI(Exhaustive),0.9884,0.9894,0.149,0.136,0.8652,0.9217,0.95,0.0173017646766121,0.0677900574401591
50,877.7777777777777,OMPPI(Exhaustive),0.9877,0.9876,0.152,0.152,0.8541,0.91879,0.9503,0.0172714710790146,0.0677438339862942
50,1033.3333333333333,OMPPI(Exhaustive),0.9872,0.9873,0.154,0.152,0.8447,0.91648,0.9501,0.0172663777994549,0.0677078417599687
50,1188.8888888888887,OMPPI(Exhaustive),0.9867,0.9871,0.155,0.151,0.8364,0.91456,0.9496,0.0172620642658748,0.0676774232544653
50,1344.4444444444443,OMPPI(Exhaustive),0.9863,0.9861,0.157,0.16,0.8291,0.91293,0.95,0.0172446890712468,0.0676513475901938
50,1500.0,OMPPI(Exhaustive),0.986,0.9851,0.158,0.169,0.8227,0.91154,0.9509,0.0172266403822147,0.0676274483489061
100,100.0,Classical,1.0,1.0,0.0,0.0,,0.95794,0.9493,0.0174244677124756,0.0685644253681579
100,255.55555555555557,Classical,1.0,1.0,0.0,0.0,,0.93956,0.9493,0.0174244677124756,0.0685644253681579
100,411.1111111111111,Classical,1.0,1.0,0.0,0.0,,0.93096,0.9493,0.0174244677124756,0.0685644253681579
100,566.6666666666666,Classical,1.0,1.0,0.0,0.0,,0.92554,0.9493,0.0174244677124756,0.0685644253681579
100,722.2222222222222,Classical,1.0,1.0,0.0,0.0,,0.9217,0.9493,0.0174244677124756,0.0685644253681579
100,877.7777777777777,Classical,1.0,1.0,0.0,0.0,,0.91879,0.9493,0.0174244677124756,0.0685644253681579
100,1033.3333333333333,Classical,1.0,1.0,0.0,0.0,,0.91648,0.9493,0.0174244677124756,0.0685644253681579
100,1188.8888888888887,Classical,1.0,1.0,0.0,0.0,,0.91456,0.9493,0.0174244677124756,0.0685644253681579
100,1344.4444444444443,Classical,1.0,1.0,0.0,0.0,,0.91293,0.9493,0.0174244677124756,0.0685644253681579
100,1500.0,Classical,1.0,1.0,0.0,0.0,,0.91154,0.9493,0.0174244677124756,0.0685644253681579
100,100.0,VectorPPI++,0.9997,1.0002,0.008,-0.005,0.1469,0.95794,0.9495,0.0174281665219775,0.068540856660823
100,255.55555555555557,VectorPPI++,0.9992,1.0003,0.014,-0.004,0.2399,0.93956,0.9486,0.0174288770052512,0.0685078479687137
100,411.1111111111111,VectorPPI++,0.9988,0.9991,0.018,0.014,0.3124,0.93096,0.9495,0.0174081289106068,0.0684799397756125
100,566.6666666666666,VectorPPI++,0.9983,0.9972,0.022,0.038,0.3713,0.92554,0.9512,0.0173756255058178,0.0684504686571874
100,722.2222222222222,VectorPPI++,0.9981,1.0017,0.024,-0.022,0.4205,0.9217,0.9486,0.0174543327486628,0.068433363362563
100,877.7777777777777,VectorPPI++,0.9978,1.0017,0.027,-0.021,0.4625,0.91879,0.9487,0.0174537368954497,0.0684150976123651
100,1033.3333333333333,VectorPPI++,0.9976,1.0014,0.029,-0.016,0.4988,0.91648,0.9498,0.0174483020681051,0.0683978222519786
100,1188.8888888888887,VectorPPI++,0.9973,1.0003,0.031,-0.004,0.5303,0.91456,0.9502,0.0174299219619302,0.0683827076346601
100,1344.4444444444443,VectorPPI++,0.9971,1.0,0.033,0.0,0.558,0.91293,0.95,0.017423761524421,0.0683669369032117
100,1500.0,VectorPPI++,0.997,1.0031,0.034,-0.035,0.5826,0.91154,0.9488,0.0174788811666931,0.0683571010729839
100,100.0,MultiPPI,0.9867,0.9906,0.317,0.223,1.0,0.95794,0.9493,0.0172607014424436,0.0676493382362338
100,255.55555555555557,MultiPPI,0.9829,0.9872,0.282,0.212,1.0,0.93956,0.9496,0.0172009813057545,0.0673942285129783
100,411.1111111111111,MultiPPI,0.9823,0.9874,0.256,0.183,0.9988,0.93096,0.948,0.0172047069101124,0.0673523103609026
100,566.6666666666666,MultiPPI,0.9826,0.9877,0.234,0.165,0.9953,0.92554,0.9492,0.0172107349029327,0.0673686080252949
100,722.2222222222222,MultiPPI,0.983,0.9888,0.217,0.143,0.991,0.9217,0.9488,0.0172291732443355,0.0673999255491778
100,877.7777777777777,MultiPPI,0.9836,0.9911,0.203,0.109,0.9867,0.91879,0.948,0.0172699185799385,0.0674366196760326
100,1033.3333333333333,MultiPPI,0.9841,0.9933,0.191,0.08,0.9832,0.91648,0.9482,0.0173075802630165,0.0674723564355017
100,1188.8888888888887,MultiPPI,0.9846,0.992,0.181,0.094,0.9801,0.91456,0.9487,0.0172850539501379,0.0675064922099872
100,1344.4444444444443,MultiPPI,0.985,0.9921,0.172,0.091,0.9776,0.91293,0.9486,0.0172860221053597,0.0675378768955515
100,1500.0,MultiPPI,0.9855,0.9902,0.164,0.11,0.976,0.91154,0.95,0.017254351281215,0.0675670473161814
100,100.0,OMPPI(DAG),0.9835,0.9873,0.393,0.303,0.9498,0.95794,0.9484,0.017202658717653,0.0674307884302475
100,255.55555555555557,OMPPI(DAG),0.9825,0.9859,0.29,0.233,0.9111,0.93956,0.949,0.0171792473180699,0.0673623550381506
100,411.1111111111111,OMPPI(DAG),0.9802,0.9855,0.286,0.211,0.8946,0.93096,0.9493,0.0171711594210669,0.0672097284187209
100,566.6666666666666,OMPPI(DAG),0.9786,0.9822,0.288,0.24,0.8786,0.92554,0.9491,0.0171135075499066,0.0670947938852759
100,722.2222222222222,OMPPI(DAG),0.9773,0.9823,0.289,0.226,0.8652,0.9217,0.9486,0.0171158157211908,0.0670110998491279
100,877.7777777777777,OMPPI(DAG),0.9765,0.9803,0.29,0.243,0.8541,0.91879,0.9496,0.017080928497213,0.0669521730185084
100,1033.3333333333333,OMPPI(DAG),0.9758,0.9814,0.29,0.223,0.8447,0.91648,0.9486,0.0171005476941887,0.066902746991328
100,1188.8888888888887,OMPPI(DAG),0.9752,0.9816,0.291,0.216,0.8364,0.91456,0.9475,0.0171030170733569,0.0668610211476169
100,1344.4444444444443,OMPPI(DAG),0.9747,0.98,0.291,0.23,0.8291,0.91293,0.9485,0.0170756098767438,0.0668288691525916
100,1500.0,OMPPI(DAG),0.9743,0.9803,0.291,0.222,0.8227,0.91154,0.9483,0.0170815205549052,0.0668019127674029
100,100.0,OMPPI(Exhaustive),0.9835,0.9852,0.393,0.351,0.9498,0.95794,0.9501,0.0171674233455701,0.0674310879155274
100,255.55555555555557,OMPPI(Exhaustive),0.9825,0.9868,0.29,0.219,0.9111,0.93956,0.95,0.0171942791537617,0.0673633122837605
100,411.1111111111111,OMPPI(Exhaustive),0.9803,0.9846,0.286,0.223,0.8946,0.93096,0.9494,0.0171558702555577,0.0672110334761037
100,566.6666666666666,OMPPI(Exhaustive),0.9785,0.9828,0.288,0.231,0.8786,0.92554,0.9488,0.0171241984033891,0.0670923832308966
100,722.2222222222222,OMPPI(Exhaustive),0.9773,0.9824,0.289,0.225,0.8652,0.9217,0.9486,0.0171172587050136,0.0670110171332584
100,877.7777777777777,OMPPI(Exhaustive),0.9765,0.9814,0.29,0.229,0.8541,0.91879,0.9489,0.0170997510599083,0.0669501304893713
100,1033.3333333333333,OMPPI(Exhaustive),0.9758,0.9813,0.29,0.224,0.8447,0.91648,0.9486,0.0170988562645022,0.0669031384983929
100,1188.8888888888887,OMPPI(Exhaustive),0.9751,0.9801,0.291,0.232,0.8364,0.91456,0.9496,0.017078412148413,0.0668601022005691
100,1344.4444444444443,OMPPI(Exhaustive),0.9747,0.9809,0.291,0.22,0.8291,0.91293,0.9477,0.017091254513761,0.0668272531928386
100,1500.0,OMPPI(Exhaustive),0.9743,0.978,0.291,0.249,0.8227,0.91154,0.9486,0.0170405419021985,0.0668005474446975
200,100.0,Classical,1.0,1.0,0.0,0.0,,0.95794,0.9479,0.0174786331518104,0.0685470111769274
200,255.55555555555557,Classical,1.0,1.0,0.0,0.0,,0.93956,0.9479,0.0174786331518104,0.0685470111769274
200,411.1111111111111,Classical,1.0,1.0,0.0,0.0,,0.93096,0.9479,0.0174786331518104,0.0685470111769274
200,566.6666666666666,Classical,1.0,1.0,0.0,0.0,,0.92554,0.9479,0.0174786331518104,0.0685470111769274
200,722.2222222222222,Classical,1.0,1.0,0.0,0.0,,0.9217,0.9479,0.0174786331518104,0.0685470111769274
200,877.7777777777777,Classical,1.0,1.0,0.0,0.0,,0.91879,0.9479,0.0174786331518104,0.0685470111769274
200,1033.3333333333333,Classical,1.0,1.0,0.0,0.0,,0.91648,0.9479,0.0174786331518104,0.0685470111769274
200,1188.8888888888887,Classical,1.0,1.0,0.0,0.0,,0.91456,0.9479,0.0174786331518104,0.0685470111769274
200,1344.4444444444443,Classical,1.0,1.0,0.0,0.0,,0.91293,0.9479,0.0174786331518104,0.0685470111769274
200,1500.0,Classical,1.0,1.0,0.0,0.0,,0.91154,0.9479,0.0174786331518104,0.0685470111769274
200,100.0,VectorPPI++,0.9994,0.9995,0.015,0.011,0.1469,0.95794,0.9479,0.0174703266409997,0.0685026876165695
200,255.55555555555557,VectorPPI++,0.9984,1.0003,0.026,-0.005,0.2399,0.93956,0.9482,0.0174842869093522,0.0684394916725575
200,411.1111111111111,VectorPPI++,0.9977,1.0012,0.034,-0.018,0.3124,0.93096,0.9476,0.01749988978765,0.0683864719659188
200,566.6666666666666,VectorPPI++,0.9969,1.0006,0.041,-0.008,0.3713,0.92554,0.947,0.0174889234223724,0.0683369888978574
200,722.2222222222222,VectorPPI++,0.9964,0.9973,0.045,0.034,0.4205,0.9217,0.9483,0.0174314482036627,0.0683029501434596
200,877.7777777777777,VectorPPI++,0.9959,0.9995,0.051,0.006,0.4625,0.91879,0.9468,0.0174695453664686,0.0682653534362952
200,1033.3333333333333,VectorPPI++,0.9954,0.9971,0.055,0.034,0.4988,0.91648,0.9506,0.0174283550154112,0.0682335597839815
200,1188.8888888888887,VectorPPI++,0.995,0.9982,0.058,0.022,0.5303,0.91456,0.947,0.0174465075447658,0.068205140446788
200,1344.4444444444443,VectorPPI++,0.9947,0.9977,0.061,0.026,0.558,0.91293,0.9475,0.0174384812074624,0.0681821729068561
200,1500.0,VectorPPI++,0.9943,0.9966,0.064,0.039,0.5826,0.91154,0.9484,0.0174186274565406,0.0681581876346726
200,100.0,MultiPPI,0.9816,0.9817,0.438,0.436,1.0,0.95794,0.9494,0.017158374318899,0.0672829977341167
200,255.55555555555557,MultiPPI,0.9752,0.9778,0.41,0.368,1.0,0.93956,0.9472,0.017089869999756,0.0668477450369652
200,411.1111111111111,MultiPPI,0.9734,0.973,0.385,0.391,0.9988,0.93096,0.9492,0.0170062506537831,0.0667265036280757
200,566.6666666666666,MultiPPI,0.9731,0.9771,0.361,0.307,0.9953,0.92554,0.9475,0.0170791592857441,0.0667050578128254
200,722.2222222222222,MultiPPI,0.9734,0.9783,0.34,0.277,0.991,0.9217,0.946,0.0170991645732688,0.0667245311032396
200,877.7777777777777,MultiPPI,0.9739,0.9777,0.321,0.275,0.9867,0.91879,0.9467,0.0170885065389632,0.0667598161672213
200,1033.3333333333333,MultiPPI,0.9745,0.9777,0.305,0.267,0.9832,0.91648,0.9477,0.0170881907465737,0.0668010802331337
200,1188.8888888888887,MultiPPI,0.9751,0.9764,0.291,0.276,0.9801,0.91456,0.9485,0.0170665503200284,0.0668425880514508
200,1344.4444444444443,MultiPPI,0.9757,0.9802,0.279,0.227,0.9776,0.91293,0.9466,0.017133377973706,0.0668835352978738
200,1500.0,MultiPPI,0.9763,0.9785,0.268,0.243,0.976,0.91154,0.9476,0.0171033258607255,0.0669222910840877
200,100.0,OMPPI(DAG),0.9775,0.98,0.534,0.474,0.9498,0.95794,0.9476,0.0171298582607323,0.0670079829605561
200,255.55555555555557,OMPPI(DAG),0.9766,0.9777,0.387,0.368,0.9111,0.93956,0.9476,0.0170895541703856,0.0669455932695765
200,411.1111111111111,OMPPI(DAG),0.9739,0.9757,0.378,0.353,0.8946,0.93096,0.948,0.017053099366149,0.066759530111752
200,566.6666666666666,OMPPI(DAG),0.9721,0.9743,0.374,0.345,0.8786,0.92554,0.9479,0.0170297211399614,0.0666361378062771
200,722.2222222222222,OMPPI(DAG),0.9707,0.9722,0.374,0.356,0.8652,0.9217,0.9485,0.0169919579834622,0.0665386169077379
200,877.7777777777777,OMPPI(DAG),0.9697,0.9718,0.374,0.347,0.8541,0.91879,0.9485,0.016985383953749,0.0664672619532574
200,1033.3333333333333,OMPPI(DAG),0.9689,0.9727,0.372,0.326,0.8447,0.91648,0.9483,0.0170022680369731,0.066416160498239
200,1188.8888888888887,OMPPI(DAG),0.9683,0.9714,0.371,0.335,0.8364,0.91456,0.9477,0.0169780778558024,0.0663755640654825
200,1344.4444444444443,OMPPI(DAG),0.9678,0.9711,0.369,0.332,0.8291,0.91293,0.9471,0.0169730321351529,0.0663430966556718
200,1500.0,OMPPI(DAG),0.9674,0.9704,0.369,0.335,0.8227,0.91154,0.9488,0.01696083240679,0.0663110424935647
200,100.0,OMPPI(Exhaustive),0.9775,0.9784,0.535,0.513,0.9498,0.95794,0.9492,0.0171015430673593,0.0670054059077938
200,255.55555555555557,OMPPI(Exhaustive),0.9766,0.9772,0.387,0.377,0.9111,0.93956,0.9489,0.0170803480351216,0.066944224477578
200,411.1111111111111,OMPPI(Exhaustive),0.9739,0.978,0.378,0.319,0.8946,0.93096,0.9484,0.01709344486886,0.066759330127936
200,566.6666666666666,OMPPI(Exhaustive),0.9721,0.972,0.374,0.377,0.8786,0.92554,0.9474,0.0169884739018324,0.0666365926647597
200,722.2222222222222,OMPPI(Exhaustive),0.9707,0.9747,0.374,0.323,0.8652,0.9217,0.9473,0.0170372664575277,0.0665393223732924
200,877.7777777777777,OMPPI(Exhaustive),0.9696,0.9716,0.374,0.349,0.8541,0.91879,0.9484,0.0169825771082312,0.0664650594269479
200,1033.3333333333333,OMPPI(Exhaustive),0.9689,0.9721,0.372,0.335,0.8447,0.91648,0.9481,0.0169903154118154,0.0664164923959893
200,1188.8888888888887,OMPPI(Exhaustive),0.9683,0.9717,0.371,0.331,0.8364,0.91456,0.9481,0.0169837200511963,0.0663753187112314
200,1344.4444444444443,OMPPI(Exhaustive),0.9678,0.9717,0.37,0.326,0.8291,0.91293,0.9483,0.0169832371544905,0.0663402746929455
200,1500.0,OMPPI(Exhaustive),0.9674,0.972,0.369,0.317,0.8227,0.91154,0.9482,0.0169887947469982,0.0663092140850549
400,100.0,Classical,1.0,1.0,0.0,0.0,,0.95794,0.9486,0.0175534663612137,0.0684011868956257
400,255.55555555555557,Classical,1.0,1.0,0.0,0.0,,0.93956,0.9486,0.0175534663612137,0.0684011868956257
400,411.1111111111111,Classical,1.0,1.0,0.0,0.0,,0.93096,0.9486,0.0175534663612137,0.0684011868956257
400,566.6666666666666,Classical,1.0,1.0,0.0,0.0,,0.92554,0.9486,0.0175534663612137,0.0684011868956257
400,722.2222222222222,Classical,1.0,1.0,0.0,0.0,,0.9217,0.9486,0.0175534663612137,0.0684011868956257
400,877.7777777777777,Classical,1.0,1.0,0.0,0.0,,0.91879,0.9486,0.0175534663612137,0.0684011868956257
400,1033.3333333333333,Classical,1.0,1.0,0.0,0.0,,0.91648,0.9486,0.0175534663612137,0.0684011868956257
400,1188.8888888888887,Classical,1.0,1.0,0.0,0.0,,0.91456,0.9486,0.0175534663612137,0.0684011868956257
400,1344.4444444444443,Classical,1.0,1.0,0.0,0.0,,0.91293,0.9486,0.0175534663612137,0.0684011868956257
400,1500.0,Classical,1.0,1.0,0.0,0.0,,0.91154,0.9486,0.0175534663612137,0.0684011868956257
400,100.0,VectorPPI++,0.9988,0.9995,0.028,0.012,0.1469,0.95794,0.9473,0.0175448365471948,0.0683202732338759
400,255.55555555555557,VectorPPI++,0.997,0.9968,0.05,0.052,0.2399,0.93956,0.9476,0.0174981395834268,0.0681964759863592
400,411.1111111111111,VectorPPI++,0.9955,0.9959,0.065,0.059,0.3124,0.93096,0.9469,0.0174816865370672,0.068095595992186
400,566.6666666666666,VectorPPI++,0.9942,0.9953,0.078,0.063,0.3713,0.92554,0.9474,0.0174711666059512,0.0680043766416856
400,722.2222222222222,VectorPPI++,0.9931,0.9905,0.088,0.122,0.4205,0.9217,0.9484,0.0173863883013685,0.0679314271638342
400,877.7777777777777,VectorPPI++,0.9921,0.9905,0.097,0.117,0.4625,0.91879,0.9476,0.0173862408918355,0.0678605899715912
400,1033.3333333333333,VectorPPI++,0.9913,0.992,0.104,0.095,0.4988,0.91648,0.9483,0.0174136599992031,0.0678050449635455
400,1188.8888888888887,VectorPPI++,0.9905,0.9926,0.111,0.087,0.5303,0.91456,0.946,0.0174230599355679,0.0677501804740882
400,1344.4444444444443,VectorPPI++,0.9898,0.9866,0.117,0.153,0.558,0.91293,0.948,0.0173190325437342,0.0677041358315959
400,1500.0,VectorPPI++,0.9892,0.9896,0.122,0.118,0.5826,0.91154,0.9478,0.0173710096140985,0.0676640366395223
400,100.0,MultiPPI,0.9769,0.9745,0.549,0.607,1.0,0.95794,0.9497,0.0171054434299385,0.0668216861255232
400,255.55555555555557,MultiPPI,0.9678,0.964,0.533,0.595,1.0,0.93956,0.9493,0.0169221446222935,0.0661973638525561
400,411.1111111111111,MultiPPI,0.9642,0.9611,0.519,0.564,0.9988,0.93096,0.9479,0.0168703605768338,0.0659511605244018
400,566.6666666666666,MultiPPI,0.9627,0.9596,0.501,0.542,0.9953,0.92554,0.9483,0.0168451534743367,0.0658517345537893
400,722.2222222222222,MultiPPI,0.9624,0.9598,0.481,0.513,0.991,0.9217,0.9481,0.0168479297888364,0.0658264840344238
400,877.7777777777777,MultiPPI,0.9625,0.9599,0.461,0.493,0.9867,0.91879,0.9486,0.0168502188044829,0.0658392034304034
400,1033.3333333333333,MultiPPI,0.963,0.9597,0.443,0.483,0.9832,0.91648,0.9489,0.0168460460661573,0.0658703057187723
400,1188.8888888888887,MultiPPI,0.9636,0.9621,0.426,0.444,0.9801,0.91456,0.9484,0.0168877609083528,0.0659089928681466
400,1344.4444444444443,MultiPPI,0.9642,0.9623,0.412,0.433,0.9776,0.91293,0.9491,0.0168921871556179,0.0659494424366796
400,1500.0,MultiPPI,0.9647,0.9628,0.399,0.42,0.976,0.91154,0.9492,0.0169012669470965,0.0659896464698745
400,100.0,OMPPI(DAG),0.9723,0.9703,0.658,0.707,0.9498,0.95794,0.9488,0.0170314282982336,0.0665089562488694
400,255.55555555555557,OMPPI(DAG),0.9714,0.9661,0.473,0.562,0.9111,0.93956,0.9487,0.0169576602708469,0.0664466942310798
400,411.1111111111111,OMPPI(DAG),0.9684,0.9663,0.458,0.489,0.8946,0.93096,0.9487,0.016961299630608,0.0662372687315357
400,566.6666666666666,OMPPI(DAG),0.9663,0.9636,0.453,0.489,0.8786,0.92554,0.9491,0.0169142206423726,0.0660959882798785
400,722.2222222222222,OMPPI(DAG),0.965,0.9626,0.447,0.477,0.8652,0.9217,0.9488,0.0168977791888895,0.066008116260308
400,877.7777777777777,OMPPI(DAG),0.964,0.9613,0.443,0.477,0.8541,0.91879,0.9496,0.0168734287494893,0.065941377306275
400,1033.3333333333333,OMPPI(DAG),0.9633,0.9619,0.439,0.456,0.8447,0.91648,0.947,0.0168847478693443,0.0658915667077967
400,1188.8888888888887,OMPPI(DAG),0.9628,0.9615,0.435,0.45,0.8364,0.91456,0.9473,0.016878406246621,0.0658578663031728
400,1344.4444444444443,OMPPI(DAG),0.9625,0.9608,0.431,0.45,0.8291,0.91293,0.9494,0.0168655918342351,0.0658362040439925
400,1500.0,OMPPI(DAG),0.9622,0.9603,0.427,0.449,0.8227,0.91154,0.9483,0.0168568966307615,0.0658151094882139
400,100.0,OMPPI(Exhaustive),0.9723,0.9703,0.657,0.705,0.9498,0.95794,0.9483,0.0170326404494403,0.0665097260046412
400,255.55555555555557,OMPPI(Exhaustive),0.9714,0.9672,0.473,0.542,0.9111,0.93956,0.949,0.0169784242369657,0.066445572174842
400,411.1111111111111,OMPPI(Exhaustive),0.9684,0.9664,0.458,0.487,0.8946,0.93096,0.9485,0.0169630288649063,0.0662365665337566
400,566.6666666666666,OMPPI(Exhaustive),0.9663,0.965,0.453,0.471,0.8786,0.92554,0.9476,0.0169384781551307,0.0660962484477725
400,722.2222222222222,OMPPI(Exhaustive),0.965,0.9617,0.447,0.489,0.8652,0.9217,0.9474,0.0168812820090837,0.066007462893452
400,877.7777777777777,OMPPI(Exhaustive),0.964,0.9617,0.443,0.471,0.8541,0.91879,0.9486,0.0168818288172659,0.0659404966144812
400,1033.3333333333333,OMPPI(Exhaustive),0.9633,0.9612,0.439,0.464,0.8447,0.91648,0.9479,0.0168725284219089,0.065893379379357
400,1188.8888888888887,OMPPI(Exhaustive),0.9628,0.9604,0.435,0.463,0.8364,0.91456,0.9484,0.016858472180862,0.0658600457215595
400,1344.4444444444443,OMPPI(Exhaustive),0.9625,0.9615,0.431,0.442,0.8291,0.91293,0.9486,0.0168777451321126,0.0658357499187912
400,1500.0,OMPPI(Exhaustive),0.9622,0.9617,0.428,0.433,0.8227,0.91154,0.9479,0.0168818272318695,0.0658143587835851
