pilot,method,width_ratio,rmse_ratio,share_width,share_rmse,oracle_share,coverage_pool,var_hat_over_mse
50,Classical,1.0,1.0,0.0,0.0,,0.9504,1.002
50,VectorPPI++,1.0029,1.0034,-0.037,-0.044,0.412,0.95,1.001
50,MultiPPI,0.9981,0.9989,0.034,0.024,0.989,0.9504,1.001
50,OMPPI(DAG),0.9886,0.9882,0.154,0.159,0.869,0.9502,1.003
50,OMPPI(Exhaustive),0.9886,0.9886,0.154,0.153,0.869,0.9501,1.002
100,Classical,1.0,1.0,0.0,0.0,,0.9492,1.008
100,VectorPPI++,0.9981,1.0005,0.024,-0.006,0.412,0.9495,1.004
100,MultiPPI,0.984,0.99,0.222,0.141,0.989,0.9488,0.996
100,OMPPI(DAG),0.9778,0.9827,0.3,0.235,0.869,0.9487,0.999
100,OMPPI(Exhaustive),0.9778,0.9823,0.3,0.24,0.869,0.949,0.999
200,Classical,1.0,1.0,0.0,0.0,,0.948,1.002
200,VectorPPI++,0.9964,0.9988,0.045,0.014,0.412,0.9479,0.997
200,MultiPPI,0.9752,0.9778,0.34,0.307,0.989,0.9476,0.997
200,OMPPI(DAG),0.9713,0.9737,0.39,0.357,0.869,0.948,0.997
200,OMPPI(Exhaustive),0.9713,0.9739,0.39,0.357,0.869,0.9482,0.997
400,Classical,1.0,1.0,0.0,0.0,,0.9486,0.989
400,VectorPPI++,0.9932,0.9929,0.086,0.088,0.412,0.9475,0.99
400,MultiPPI,0.9652,0.9626,0.472,0.509,0.989,0.9487,0.995
400,OMPPI(DAG),0.9658,0.9635,0.466,0.501,0.869,0.9486,0.994
400,OMPPI(Exhaustive),0.9658,0.9637,0.466,0.497,0.869,0.9482,0.994
