budget,ratio_OMPPI,ratio_MultiPPI,ratio_VectorPPI++,ratio_ceiling,share_OMPPI,share_MultiPPI,share_VectorPPI++,ratio_ceiling_inf
100.0,0.96005,0.95794,0.99382,0.95794,0.9498,1.0,0.1469,0.89146
255.55555555555554,0.94494,0.93956,0.9855,0.93956,0.9111,1.0,0.2399,0.89146
411.1111111111111,0.93824,0.93105,0.97843,0.93096,0.8946,0.9988,0.3124,0.89146
566.6666666666666,0.93458,0.92589,0.97235,0.92554,0.8786,0.9953,0.3713,0.89146
722.2222222222222,0.93226,0.92241,0.96707,0.9217,0.8652,0.991,0.4205,0.89146
877.7777777777777,0.93064,0.91987,0.96244,0.91879,0.8541,0.9867,0.4625,0.89146
1033.3333333333333,0.92945,0.91788,0.95834,0.91648,0.8447,0.9832,0.4988,0.89146
1188.8888888888887,0.92854,0.91626,0.95469,0.91456,0.8364,0.9801,0.5303,0.89146
1344.4444444444443,0.92781,0.91488,0.95142,0.91293,0.8291,0.9776,0.558,0.89146
1500.0,0.92723,0.91367,0.94847,0.91154,0.8227,0.976,0.5826,0.89146
