method,budget,stratum,source,query_mean,selected_frequency
MultiPPI,200.0,0,full,26.89572,1.0
MultiPPI,200.0,0,joint_all,0.51258,0.4357
MultiPPI,200.0,0,single__OriginalTests,65.65712,0.99172
MultiPPI,200.0,0,single__Plus10,24.83566,0.80508
MultiPPI,200.0,0,single__Plus25,0.21688,0.21688
MultiPPI,200.0,0,single__Plus50,0.0,0.0
MultiPPI,200.0,0,single__StaticOK,3.41778,0.84768
MultiPPI,200.0,1,full,28.44444,1.0
MultiPPI,200.0,1,joint_all,0.42228,0.4175
MultiPPI,200.0,1,single__OriginalTests,82.4365,0.99998
MultiPPI,200.0,1,single__Plus10,0.2695,0.26702
MultiPPI,200.0,1,single__Plus25,0.2274,0.2274
MultiPPI,200.0,1,single__Plus50,0.0,0.0
MultiPPI,200.0,1,single__StaticOK,3.88316,0.85672
MultiPPI,200.0,2,full,31.90672,1.0
MultiPPI,200.0,2,joint_all,0.4158,0.4158
MultiPPI,200.0,2,single__OriginalTests,51.50532,0.99988
MultiPPI,200.0,2,single__Plus10,0.51124,0.28744
MultiPPI,200.0,2,single__Plus25,0.22974,0.22974
MultiPPI,200.0,2,single__Plus50,0.0,0.0
MultiPPI,200.0,2,single__StaticOK,3.39244,0.84494
MultiPPI,200.0,3,full,30.67676,1.0
MultiPPI,200.0,3,joint_all,0.42172,0.42172
MultiPPI,200.0,3,single__OriginalTests,30.86458,0.99996
MultiPPI,200.0,3,single__Plus10,0.31702,0.28606
MultiPPI,200.0,3,single__Plus25,0.08792,0.08792
MultiPPI,200.0,3,single__Plus50,0.0,0.0
MultiPPI,200.0,3,single__StaticOK,3.67178,0.86524
MultiPPI,200.0,4,full,30.54392,1.0
MultiPPI,200.0,4,joint_all,0.41692,0.41692
MultiPPI,200.0,4,single__OriginalTests,30.57736,0.99986
MultiPPI,200.0,4,single__Plus10,0.43224,0.38694
MultiPPI,200.0,4,single__Plus25,0.10802,0.10802
MultiPPI,200.0,4,single__Plus50,0.0,0.0
MultiPPI,200.0,4,single__StaticOK,7.65114,0.95616
MultiPPI,511.1111111111111,0,full,69.22036,1.0
MultiPPI,511.1111111111111,0,joint_all,0.70232,0.4451
MultiPPI,511.1111111111111,0,single__OriginalTests,168.24778,0.99214
MultiPPI,511.1111111111111,0,single__Plus10,63.5736,0.80776
MultiPPI,511.1111111111111,0,single__Plus25,0.21482,0.21482
MultiPPI,511.1111111111111,0,single__Plus50,0.0,0.0
MultiPPI,511.1111111111111,0,single__StaticOK,3.4114,0.84582
MultiPPI,511.1111111111111,1,full,73.33576,1.0
MultiPPI,511.1111111111111,1,joint_all,0.43296,0.41724
MultiPPI,511.1111111111111,1,single__OriginalTests,211.11672,0.99998
MultiPPI,511.1111111111111,1,single__Plus10,0.26694,0.2631
MultiPPI,511.1111111111111,1,single__Plus25,0.2322,0.2322
MultiPPI,511.1111111111111,1,single__Plus50,0.0,0.0
MultiPPI,511.1111111111111,1,single__StaticOK,4.67176,0.85606
MultiPPI,511.1111111111111,2,full,82.18018,1.0
MultiPPI,511.1111111111111,2,joint_all,0.4181,0.4181
MultiPPI,511.1111111111111,2,single__OriginalTests,132.06782,0.99986
MultiPPI,511.1111111111111,2,single__Plus10,0.91132,0.29104
MultiPPI,511.1111111111111,2,single__Plus25,0.23082,0.23082
MultiPPI,511.1111111111111,2,single__Plus50,0.0,0.0
MultiPPI,511.1111111111111,2,single__StaticOK,3.38418,0.84576
MultiPPI,511.1111111111111,3,full,79.04946,1.0
MultiPPI,511.1111111111111,3,joint_all,0.41528,0.41528
MultiPPI,511.1111111111111,3,single__OriginalTests,78.96136,0.99996
MultiPPI,511.1111111111111,3,single__Plus10,0.3203,0.28946
MultiPPI,511.1111111111111,3,single__Plus25,0.09082,0.09082
MultiPPI,511.1111111111111,3,single__Plus50,0.0,0.0
MultiPPI,511.1111111111111,3,single__StaticOK,3.82316,0.86126
MultiPPI,511.1111111111111,4,full,78.69906,1.0
MultiPPI,511.1111111111111,4,joint_all,0.41762,0.41762
MultiPPI,511.1111111111111,4,single__OriginalTests,78.51354,0.99982
MultiPPI,511.1111111111111,4,single__Plus10,0.43338,0.38552
MultiPPI,511.1111111111111,4,single__Plus25,0.10628,0.10628
MultiPPI,511.1111111111111,4,single__Plus50,0.0,0.0
MultiPPI,511.1111111111111,4,single__StaticOK,14.81154,0.9616
MultiPPI,822.2222222222222,0,full,111.54716,1.0
MultiPPI,822.2222222222222,0,joint_all,0.88988,0.44648
MultiPPI,822.2222222222222,0,single__OriginalTests,270.83254,0.99238
MultiPPI,822.2222222222222,0,single__Plus10,102.30998,0.81012
MultiPPI,822.2222222222222,0,single__Plus25,0.21322,0.21322
MultiPPI,822.2222222222222,0,single__Plus50,0.0,0.0
MultiPPI,822.2222222222222,0,single__StaticOK,3.4202,0.84852
MultiPPI,822.2222222222222,1,full,118.22616,1.0
MultiPPI,822.2222222222222,1,joint_all,0.44616,0.41902
MultiPPI,822.2222222222222,1,single__OriginalTests,339.79478,0.99998
MultiPPI,822.2222222222222,1,single__Plus10,0.27094,0.2659
MultiPPI,822.2222222222222,1,single__Plus25,0.23112,0.23112
MultiPPI,822.2222222222222,1,single__Plus50,0.0,0.0
MultiPPI,822.2222222222222,1,single__StaticOK,5.48598,0.85808
MultiPPI,822.2222222222222,2,full,132.4558,1.0
MultiPPI,822.2222222222222,2,joint_all,0.41594,0.41594
MultiPPI,822.2222222222222,2,single__OriginalTests,212.63552,0.99992
MultiPPI,822.2222222222222,2,single__Plus10,1.3092,0.29142
MultiPPI,822.2222222222222,2,single__Plus25,0.23074,0.23074
MultiPPI,822.2222222222222,2,single__Plus50,0.0,0.0
MultiPPI,822.2222222222222,2,single__StaticOK,3.40372,0.84624
MultiPPI,822.2222222222222,3,full,127.41888,1.0
MultiPPI,822.2222222222222,3,joint_all,0.4127,0.4127
MultiPPI,822.2222222222222,3,single__OriginalTests,127.0712,0.99998
MultiPPI,822.2222222222222,3,single__Plus10,0.31842,0.28768
MultiPPI,822.2222222222222,3,single__Plus25,0.09196,0.09196
MultiPPI,822.2222222222222,3,single__Plus50,0.0,0.0
MultiPPI,822.2222222222222,3,single__StaticOK,4.0252,0.86202
MultiPPI,822.2222222222222,4,full,126.85576,1.0
MultiPPI,822.2222222222222,4,joint_all,0.41296,0.41296
MultiPPI,822.2222222222222,4,single__OriginalTests,126.45966,0.99984
MultiPPI,822.2222222222222,4,single__Plus10,0.43022,0.38374
MultiPPI,822.2222222222222,4,single__Plus25,0.10816,0.10816
MultiPPI,822.2222222222222,4,single__Plus50,0.0,0.0
MultiPPI,822.2222222222222,4,single__StaticOK,21.95274,0.96286
MultiPPI,1133.3333333333333,0,full,153.87264,1.0
MultiPPI,1133.3333333333333,0,joint_all,1.07628,0.4474
MultiPPI,1133.3333333333333,0,single__OriginalTests,373.42034,0.99226
MultiPPI,1133.3333333333333,0,single__Plus10,141.0449,0.81038
MultiPPI,1133.3333333333333,0,single__Plus25,0.2181,0.2181
MultiPPI,1133.3333333333333,0,single__Plus50,0.0,0.0
MultiPPI,1133.3333333333333,0,single__StaticOK,3.39722,0.84416
MultiPPI,1133.3333333333333,1,full,163.11756,1.0
MultiPPI,1133.3333333333333,1,joint_all,0.45848,0.41964
MultiPPI,1133.3333333333333,1,single__OriginalTests,468.47592,0.99998
MultiPPI,1133.3333333333333,1,single__Plus10,0.27476,0.26778
MultiPPI,1133.3333333333333,1,single__Plus25,0.22798,0.22798
MultiPPI,1133.3333333333333,1,single__Plus50,0.0,0.0
MultiPPI,1133.3333333333333,1,single__StaticOK,6.2925,0.86192
MultiPPI,1133.3333333333333,2,full,182.73014,1.0
MultiPPI,1133.3333333333333,2,joint_all,0.41772,0.41772
MultiPPI,1133.3333333333333,2,single__OriginalTests,293.2017,0.99994
MultiPPI,1133.3333333333333,2,single__Plus10,1.70726,0.29088
MultiPPI,1133.3333333333333,2,single__Plus25,0.2295,0.2295
MultiPPI,1133.3333333333333,2,single__Plus50,0.0,0.0
MultiPPI,1133.3333333333333,2,single__StaticOK,3.4028,0.8469
MultiPPI,1133.3333333333333,3,full,175.78712,1.0
MultiPPI,1133.3333333333333,3,joint_all,0.41518,0.41518
MultiPPI,1133.3333333333333,3,single__OriginalTests,175.16348,0.99996
MultiPPI,1133.3333333333333,3,single__Plus10,0.32014,0.28688
MultiPPI,1133.3333333333333,3,single__Plus25,0.09466,0.09466
MultiPPI,1133.3333333333333,3,single__Plus50,0.0,0.0
MultiPPI,1133.3333333333333,3,single__StaticOK,4.2044,0.86258
MultiPPI,1133.3333333333333,4,full,175.0083,1.0
MultiPPI,1133.3333333333333,4,joint_all,0.41814,0.41814
MultiPPI,1133.3333333333333,4,single__OriginalTests,174.40532,0.99988
MultiPPI,1133.3333333333333,4,single__Plus10,0.427,0.3817
MultiPPI,1133.3333333333333,4,single__Plus25,0.10698,0.10698
MultiPPI,1133.3333333333333,4,single__Plus50,0.0,0.0
MultiPPI,1133.3333333333333,4,single__StaticOK,29.0761,0.96388
MultiPPI,1444.4444444444443,0,full,196.19776,1.0
MultiPPI,1444.4444444444443,0,joint_all,1.26264,0.44906
MultiPPI,1444.4444444444443,0,single__OriginalTests,476.00468,0.99212
MultiPPI,1444.4444444444443,0,single__Plus10,179.78808,0.8112
MultiPPI,1444.4444444444443,0,single__Plus25,0.21704,0.21704
MultiPPI,1444.4444444444443,0,single__Plus50,0.0,0.0
MultiPPI,1444.4444444444443,0,single__StaticOK,3.44106,0.84816
MultiPPI,1444.4444444444443,1,full,208.00972,1.0
MultiPPI,1444.4444444444443,1,joint_all,0.47136,0.42032
MultiPPI,1444.4444444444443,1,single__OriginalTests,597.15052,0.99998
MultiPPI,1444.4444444444443,1,single__Plus10,0.2708,0.2632
MultiPPI,1444.4444444444443,1,single__Plus25,0.23042,0.23042
MultiPPI,1444.4444444444443,1,single__Plus50,0.0,0.0
MultiPPI,1444.4444444444443,1,single__StaticOK,7.08608,0.85902
MultiPPI,1444.4444444444443,2,full,233.00566,1.0
MultiPPI,1444.4444444444443,2,joint_all,0.4143,0.4143
MultiPPI,1444.4444444444443,2,single__OriginalTests,373.7678,0.9999
MultiPPI,1444.4444444444443,2,single__Plus10,2.1076,0.29092
MultiPPI,1444.4444444444443,2,single__Plus25,0.23226,0.23226
MultiPPI,1444.4444444444443,2,single__Plus50,0.0,0.0
MultiPPI,1444.4444444444443,2,single__StaticOK,3.39034,0.84456
MultiPPI,1444.4444444444443,3,full,224.15514,1.0
MultiPPI,1444.4444444444443,3,joint_all,0.41916,0.41916
MultiPPI,1444.4444444444443,3,single__OriginalTests,223.26546,0.99996
MultiPPI,1444.4444444444443,3,single__Plus10,0.32206,0.289
MultiPPI,1444.4444444444443,3,single__Plus25,0.0904,0.0904
MultiPPI,1444.4444444444443,3,single__Plus50,0.0,0.0
MultiPPI,1444.4444444444443,3,single__StaticOK,4.40728,0.86436
MultiPPI,1444.4444444444443,4,full,223.16234,1.0
MultiPPI,1444.4444444444443,4,joint_all,0.41812,0.41812
MultiPPI,1444.4444444444443,4,single__OriginalTests,222.34738,0.9999
MultiPPI,1444.4444444444443,4,single__Plus10,0.43094,0.3839
MultiPPI,1444.4444444444443,4,single__Plus25,0.10576,0.10576
MultiPPI,1444.4444444444443,4,single__Plus50,0.0,0.0
MultiPPI,1444.4444444444443,4,single__StaticOK,36.21888,0.96496
MultiPPI,1755.5555555555554,0,full,238.52854,1.0
MultiPPI,1755.5555555555554,0,joint_all,1.4423,0.442
MultiPPI,1755.5555555555554,0,single__OriginalTests,578.5907,0.99232
MultiPPI,1755.5555555555554,0,single__Plus10,218.52668,0.81154
MultiPPI,1755.5555555555554,0,single__Plus25,0.2163,0.2163
MultiPPI,1755.5555555555554,0,single__Plus50,0.0,0.0
MultiPPI,1755.5555555555554,0,single__StaticOK,3.4234,0.84674
MultiPPI,1755.5555555555554,1,full,252.90228,1.0
MultiPPI,1755.5555555555554,1,joint_all,0.48096,0.41858
MultiPPI,1755.5555555555554,1,single__OriginalTests,725.83126,1.0
MultiPPI,1755.5555555555554,1,single__Plus10,0.27372,0.26486
MultiPPI,1755.5555555555554,1,single__Plus25,0.2295,0.2295
MultiPPI,1755.5555555555554,1,single__Plus50,0.0,0.0
MultiPPI,1755.5555555555554,1,single__StaticOK,7.8861,0.85908
MultiPPI,1755.5555555555554,2,full,283.27982,1.0
MultiPPI,1755.5555555555554,2,joint_all,0.41782,0.41782
MultiPPI,1755.5555555555554,2,single__OriginalTests,454.3323,0.99988
MultiPPI,1755.5555555555554,2,single__Plus10,2.50628,0.2917
MultiPPI,1755.5555555555554,2,single__Plus25,0.2292,0.2292
MultiPPI,1755.5555555555554,2,single__Plus50,0.0,0.0
MultiPPI,1755.5555555555554,2,single__StaticOK,3.39166,0.84478
MultiPPI,1755.5555555555554,3,full,272.52594,1.0
MultiPPI,1755.5555555555554,3,joint_all,0.41574,0.41574
MultiPPI,1755.5555555555554,3,single__OriginalTests,271.37266,0.99996
MultiPPI,1755.5555555555554,3,single__Plus10,0.32104,0.28906
MultiPPI,1755.5555555555554,3,single__Plus25,0.08994,0.08994
MultiPPI,1755.5555555555554,3,single__Plus50,0.0,0.0
MultiPPI,1755.5555555555554,3,single__StaticOK,4.60714,0.86474
MultiPPI,1755.5555555555554,4,full,271.31674,1.0
MultiPPI,1755.5555555555554,4,joint_all,0.4149,0.4149
MultiPPI,1755.5555555555554,4,single__OriginalTests,270.29134,0.99986
MultiPPI,1755.5555555555554,4,single__Plus10,0.43218,0.38394
MultiPPI,1755.5555555555554,4,single__Plus25,0.10874,0.10874
MultiPPI,1755.5555555555554,4,single__Plus50,0.0,0.0
MultiPPI,1755.5555555555554,4,single__StaticOK,43.37522,0.96524
MultiPPI,2066.6666666666665,0,full,280.85308,1.0
MultiPPI,2066.6666666666665,0,joint_all,1.6334,0.44718
MultiPPI,2066.6666666666665,0,single__OriginalTests,681.17934,0.99224
MultiPPI,2066.6666666666665,0,single__Plus10,257.2649,0.81246
MultiPPI,2066.6666666666665,0,single__Plus25,0.2123,0.2123
MultiPPI,2066.6666666666665,0,single__Plus50,0.0,0.0
MultiPPI,2066.6666666666665,0,single__StaticOK,3.43164,0.84788
MultiPPI,2066.6666666666665,1,full,297.79214,1.0
MultiPPI,2066.6666666666665,1,joint_all,0.49768,0.4236
MultiPPI,2066.6666666666665,1,single__OriginalTests,854.51256,1.0
MultiPPI,2066.6666666666665,1,single__Plus10,0.27476,0.26448
MultiPPI,2066.6666666666665,1,single__Plus25,0.22722,0.22722
MultiPPI,2066.6666666666665,1,single__Plus50,0.0,0.0
MultiPPI,2066.6666666666665,1,single__StaticOK,8.65096,0.85486
MultiPPI,2066.6666666666665,2,full,333.555,1.0
MultiPPI,2066.6666666666665,2,joint_all,0.4151,0.4151
MultiPPI,2066.6666666666665,2,single__OriginalTests,534.90064,0.99992
MultiPPI,2066.6666666666665,2,single__Plus10,2.90812,0.29478
MultiPPI,2066.6666666666665,2,single__Plus25,0.22884,0.22884
MultiPPI,2066.6666666666665,2,single__Plus50,0.0,0.0
MultiPPI,2066.6666666666665,2,single__StaticOK,3.39664,0.8464
MultiPPI,2066.6666666666665,3,full,320.89258,1.0
MultiPPI,2066.6666666666665,3,joint_all,0.42076,0.42076
MultiPPI,2066.6666666666665,3,single__OriginalTests,319.47536,0.99996
MultiPPI,2066.6666666666665,3,single__Plus10,0.32024,0.2878
MultiPPI,2066.6666666666665,3,single__Plus25,0.09042,0.09042
MultiPPI,2066.6666666666665,3,single__Plus50,0.0,0.0
MultiPPI,2066.6666666666665,3,single__StaticOK,4.78266,0.86582
MultiPPI,2066.6666666666665,4,full,319.4699,1.0
MultiPPI,2066.6666666666665,4,joint_all,0.41716,0.41716
MultiPPI,2066.6666666666665,4,single__OriginalTests,318.23126,0.99984
MultiPPI,2066.6666666666665,4,single__Plus10,0.4335,0.38334
MultiPPI,2066.6666666666665,4,single__Plus25,0.1087,0.1087
MultiPPI,2066.6666666666665,4,single__Plus50,0.0,0.0
MultiPPI,2066.6666666666665,4,single__StaticOK,50.52636,0.96316
MultiPPI,2377.7777777777774,0,full,323.17818,1.0
MultiPPI,2377.7777777777774,0,joint_all,1.82108,0.44778
MultiPPI,2377.7777777777774,0,single__OriginalTests,783.76248,0.99216
MultiPPI,2377.7777777777774,0,single__Plus10,295.99904,0.81006
MultiPPI,2377.7777777777774,0,single__Plus25,0.21726,0.21726
MultiPPI,2377.7777777777774,0,single__Plus50,0.0,0.0
MultiPPI,2377.7777777777774,0,single__StaticOK,3.44446,0.84638
MultiPPI,2377.7777777777774,1,full,342.6825,1.0
MultiPPI,2377.7777777777774,1,joint_all,0.50998,0.42408
MultiPPI,2377.7777777777774,1,single__OriginalTests,983.18916,1.0
MultiPPI,2377.7777777777774,1,single__Plus10,0.2782,0.26666
MultiPPI,2377.7777777777774,1,single__Plus25,0.22924,0.22924
MultiPPI,2377.7777777777774,1,single__Plus50,0.0,0.0
MultiPPI,2377.7777777777774,1,single__StaticOK,9.45132,0.85508
MultiPPI,2377.7777777777774,2,full,383.82916,1.0
MultiPPI,2377.7777777777774,2,joint_all,0.41684,0.41684
MultiPPI,2377.7777777777774,2,single__OriginalTests,615.4643,0.99986
MultiPPI,2377.7777777777774,2,single__Plus10,3.30478,0.29342
MultiPPI,2377.7777777777774,2,single__Plus25,0.22932,0.22932
MultiPPI,2377.7777777777774,2,single__Plus50,0.0,0.0
MultiPPI,2377.7777777777774,2,single__StaticOK,3.42018,0.84816
MultiPPI,2377.7777777777774,3,full,369.2649,1.0
MultiPPI,2377.7777777777774,3,joint_all,0.41628,0.41628
MultiPPI,2377.7777777777774,3,single__OriginalTests,367.57298,1.0
MultiPPI,2377.7777777777774,3,single__Plus10,0.32086,0.2892
MultiPPI,2377.7777777777774,3,single__Plus25,0.09064,0.09064
MultiPPI,2377.7777777777774,3,single__Plus50,0.0,0.0
MultiPPI,2377.7777777777774,3,single__StaticOK,4.97666,0.86546
MultiPPI,2377.7777777777774,4,full,367.62618,1.0
MultiPPI,2377.7777777777774,4,joint_all,0.41642,0.41642
MultiPPI,2377.7777777777774,4,single__OriginalTests,366.18178,0.99984
MultiPPI,2377.7777777777774,4,single__Plus10,0.4303,0.38106
MultiPPI,2377.7777777777774,4,single__Plus25,0.10406,0.10406
MultiPPI,2377.7777777777774,4,single__Plus50,0.0,0.0
MultiPPI,2377.7777777777774,4,single__StaticOK,57.66274,0.9651
MultiPPI,2688.8888888888887,0,full,365.5041,1.0
MultiPPI,2688.8888888888887,0,joint_all,2.00828,0.44794
MultiPPI,2688.8888888888887,0,single__OriginalTests,886.35058,0.99206
MultiPPI,2688.8888888888887,0,single__Plus10,334.7419,0.81006
MultiPPI,2688.8888888888887,0,single__Plus25,0.21354,0.21354
MultiPPI,2688.8888888888887,0,single__Plus50,0.0,0.0
MultiPPI,2688.8888888888887,0,single__StaticOK,3.43864,0.84664
MultiPPI,2688.8888888888887,1,full,387.57596,1.0
MultiPPI,2688.8888888888887,1,joint_all,0.51774,0.42022
MultiPPI,2688.8888888888887,1,single__OriginalTests,1111.86788,0.99998
MultiPPI,2688.8888888888887,1,single__Plus10,0.27844,0.26548
MultiPPI,2688.8888888888887,1,single__Plus25,0.23098,0.23098
MultiPPI,2688.8888888888887,1,single__Plus50,0.0,0.0
MultiPPI,2688.8888888888887,1,single__StaticOK,10.25998,0.85488
MultiPPI,2688.8888888888887,2,full,434.1032,1.0
MultiPPI,2688.8888888888887,2,joint_all,0.41876,0.41876
MultiPPI,2688.8888888888887,2,single__OriginalTests,696.03228,0.99992
MultiPPI,2688.8888888888887,2,single__Plus10,3.70324,0.29334
MultiPPI,2688.8888888888887,2,single__Plus25,0.22858,0.22858
MultiPPI,2688.8888888888887,2,single__Plus50,0.0,0.0
MultiPPI,2688.8888888888887,2,single__StaticOK,3.39606,0.84504
MultiPPI,2688.8888888888887,3,full,417.6327,1.0
MultiPPI,2688.8888888888887,3,joint_all,0.41848,0.41848
MultiPPI,2688.8888888888887,3,single__OriginalTests,415.6779,0.99996
MultiPPI,2688.8888888888887,3,single__Plus10,0.32268,0.29098
MultiPPI,2688.8888888888887,3,single__Plus25,0.09008,0.09008
MultiPPI,2688.8888888888887,3,single__Plus50,0.0,0.0
MultiPPI,2688.8888888888887,3,single__StaticOK,5.14348,0.86452
MultiPPI,2688.8888888888887,4,full,415.78058,1.0
MultiPPI,2688.8888888888887,4,joint_all,0.41598,0.41598
MultiPPI,2688.8888888888887,4,single__OriginalTests,414.1194,0.99992
MultiPPI,2688.8888888888887,4,single__Plus10,0.43414,0.38404
MultiPPI,2688.8888888888887,4,single__Plus25,0.10486,0.10486
MultiPPI,2688.8888888888887,4,single__Plus50,0.0,0.0
MultiPPI,2688.8888888888887,4,single__StaticOK,64.79972,0.96454
MultiPPI,3000.0,0,full,407.83022,1.0
MultiPPI,3000.0,0,joint_all,2.19374,0.44756
MultiPPI,3000.0,0,single__OriginalTests,988.94242,0.99196
MultiPPI,3000.0,0,single__Plus10,373.48052,0.8096
MultiPPI,3000.0,0,single__Plus25,0.21288,0.21288
MultiPPI,3000.0,0,single__Plus50,0.0,0.0
MultiPPI,3000.0,0,single__StaticOK,3.43848,0.84992
MultiPPI,3000.0,1,full,432.46918,1.0
MultiPPI,3000.0,1,joint_all,0.52842,0.41942
MultiPPI,3000.0,1,single__OriginalTests,1240.55164,0.99998
MultiPPI,3000.0,1,single__Plus10,0.27584,0.26198
MultiPPI,3000.0,1,single__Plus25,0.22994,0.22994
MultiPPI,3000.0,1,single__Plus50,0.0,0.0
MultiPPI,3000.0,1,single__StaticOK,11.03498,0.85806
MultiPPI,3000.0,2,full,484.37796,1.0
MultiPPI,3000.0,2,joint_all,0.41644,0.41644
MultiPPI,3000.0,2,single__OriginalTests,776.59502,0.99992
MultiPPI,3000.0,2,single__Plus10,4.10366,0.29382
MultiPPI,3000.0,2,single__Plus25,0.23078,0.23078
MultiPPI,3000.0,2,single__Plus50,0.0,0.0
MultiPPI,3000.0,2,single__StaticOK,3.43416,0.84814
MultiPPI,3000.0,3,full,466.00272,1.0
MultiPPI,3000.0,3,joint_all,0.4171,0.4171
MultiPPI,3000.0,3,single__OriginalTests,463.77602,1.0
MultiPPI,3000.0,3,single__Plus10,0.3244,0.29108
MultiPPI,3000.0,3,single__Plus25,0.09242,0.09242
MultiPPI,3000.0,3,single__Plus50,0.0,0.0
MultiPPI,3000.0,3,single__StaticOK,5.30216,0.86136
MultiPPI,3000.0,4,full,463.93342,1.0
MultiPPI,3000.0,4,joint_all,0.41762,0.41762
MultiPPI,3000.0,4,single__OriginalTests,462.06076,0.99978
MultiPPI,3000.0,4,single__Plus10,0.439,0.38618
MultiPPI,3000.0,4,single__Plus25,0.1047,0.1047
MultiPPI,3000.0,4,single__Plus50,0.0,0.0
MultiPPI,3000.0,4,single__StaticOK,71.92518,0.9642
OMPPI(DAG),200.0,0,OriginalTests,109.10292,1.0
OMPPI(DAG),200.0,0,Plus10,50.035397335597466,1.0
OMPPI(DAG),200.0,0,Plus25,25.453421269579554,1.0
OMPPI(DAG),200.0,0,Plus50,18.391304347826086,1.0
OMPPI(DAG),200.0,0,StaticOK,210.5821,1.0
OMPPI(DAG),200.0,0,Y,25.41756,1.0
OMPPI(DAG),200.0,1,OriginalTests,99.51724,1.0
OMPPI(DAG),200.0,1,Plus10,34.449630864491546,1.0
OMPPI(DAG),200.0,1,Plus25,29.870967741935484,1.0
OMPPI(DAG),200.0,1,StaticOK,189.46008,1.0
OMPPI(DAG),200.0,1,Y,28.49964,1.0
OMPPI(DAG),200.0,2,OriginalTests,80.81636,1.0
OMPPI(DAG),200.0,2,Plus10,37.80789388547396,1.0
OMPPI(DAG),200.0,2,Plus25,31.666666666666668,1.0
OMPPI(DAG),200.0,2,StaticOK,113.29676309366623,1.0
OMPPI(DAG),200.0,2,Y,31.98492,1.0
OMPPI(DAG),200.0,3,OriginalTests,59.78590715442927,1.0
OMPPI(DAG),200.0,3,Plus10,35.0,1.0
OMPPI(DAG),200.0,3,StaticOK,79.90992687568867,1.0
OMPPI(DAG),200.0,3,Y,30.93364,1.0
OMPPI(DAG),200.0,4,OriginalTests,59.21673300398024,1.0
OMPPI(DAG),200.0,4,Plus10,32.270212765957446,1.0
OMPPI(DAG),200.0,4,StaticOK,87.52991179470769,1.0
OMPPI(DAG),200.0,4,Y,30.72709454189084,1.0
OMPPI(DAG),511.1111111111111,0,OriginalTests,279.5935,1.0
OMPPI(DAG),511.1111111111111,0,Plus10,128.65101987183374,1.0
OMPPI(DAG),511.1111111111111,0,Plus25,65.83347073371806,1.0
OMPPI(DAG),511.1111111111111,0,Plus50,47.95652173913044,1.0
OMPPI(DAG),511.1111111111111,0,StaticOK,538.92842,1.0
OMPPI(DAG),511.1111111111111,0,Y,65.73174,1.0
OMPPI(DAG),511.1111111111111,1,OriginalTests,255.09196,1.0
OMPPI(DAG),511.1111111111111,1,Plus10,88.81154243073748,1.0
OMPPI(DAG),511.1111111111111,1,Plus25,77.11012235817574,1.0
OMPPI(DAG),511.1111111111111,1,StaticOK,484.95552,1.0
OMPPI(DAG),511.1111111111111,1,Y,73.60786,1.0
OMPPI(DAG),511.1111111111111,2,OriginalTests,207.30306,1.0
OMPPI(DAG),511.1111111111111,2,Plus10,97.40459398252993,1.0
OMPPI(DAG),511.1111111111111,2,Plus25,81.33333333333333,1.0
OMPPI(DAG),511.1111111111111,2,StaticOK,290.31572840395313,1.0
OMPPI(DAG),511.1111111111111,2,Y,82.51582,1.0
OMPPI(DAG),511.1111111111111,3,OriginalTests,153.55943356601395,1.0
OMPPI(DAG),511.1111111111111,3,Plus10,90.0,1.0
OMPPI(DAG),511.1111111111111,3,StaticOK,204.99308825002504,1.0
OMPPI(DAG),511.1111111111111,3,Y,79.82788,1.0
OMPPI(DAG),511.1111111111111,4,OriginalTests,152.10926655599337,1.0
OMPPI(DAG),511.1111111111111,4,Plus10,83.2127659574468,1.0
OMPPI(DAG),511.1111111111111,4,StaticOK,224.46062763765826,1.0
OMPPI(DAG),511.1111111111111,4,Y,79.30290605812117,1.0
OMPPI(DAG),822.2222222222222,0,OriginalTests,450.08796,1.0
OMPPI(DAG),822.2222222222222,0,Plus10,207.2634483595124,1.0
OMPPI(DAG),822.2222222222222,0,Plus25,106.21846661170652,1.0
OMPPI(DAG),822.2222222222222,0,Plus50,77.3913043478261,1.0
OMPPI(DAG),822.2222222222222,0,StaticOK,867.2779,1.0
OMPPI(DAG),822.2222222222222,0,Y,106.04472,1.0
OMPPI(DAG),822.2222222222222,1,OriginalTests,410.66702,1.0
OMPPI(DAG),822.2222222222222,1,Plus10,143.1758355163928,1.0
OMPPI(DAG),822.2222222222222,1,Plus25,124.3392658509455,1.0
OMPPI(DAG),822.2222222222222,1,StaticOK,780.4523,1.0
OMPPI(DAG),822.2222222222222,1,Y,118.71662,1.0
OMPPI(DAG),822.2222222222222,2,OriginalTests,333.79168,1.0
OMPPI(DAG),822.2222222222222,2,Plus10,157.00433516661275,1.0
OMPPI(DAG),822.2222222222222,2,Plus25,131.33333333333334,1.0
OMPPI(DAG),822.2222222222222,2,StaticOK,467.3337734565678,1.0
OMPPI(DAG),822.2222222222222,2,Y,133.0437,1.0
OMPPI(DAG),822.2222222222222,3,OriginalTests,247.3366401984119,1.0
OMPPI(DAG),822.2222222222222,3,Plus10,145.0,1.0
OMPPI(DAG),822.2222222222222,3,StaticOK,330.0797355504357,1.0
OMPPI(DAG),822.2222222222222,3,Y,128.72214,1.0
OMPPI(DAG),822.2222222222222,4,OriginalTests,245.00176010560634,1.0
OMPPI(DAG),822.2222222222222,4,Plus10,134.15744680851063,1.0
OMPPI(DAG),822.2222222222222,4,StaticOK,361.3931835910155,1.0
OMPPI(DAG),822.2222222222222,4,Y,127.88211764235285,1.0
OMPPI(DAG),1133.3333333333333,0,OriginalTests,620.57776,1.0
OMPPI(DAG),1133.3333333333333,0,Plus10,285.8798795156367,1.0
OMPPI(DAG),1133.3333333333333,0,Plus25,146.57873042044517,1.0
OMPPI(DAG),1133.3333333333333,0,Plus50,106.8695652173913,1.0
OMPPI(DAG),1133.3333333333333,0,StaticOK,1195.62658,1.0
OMPPI(DAG),1133.3333333333333,0,Y,146.36148,1.0
OMPPI(DAG),1133.3333333333333,1,OriginalTests,566.24656,1.0
OMPPI(DAG),1133.3333333333333,1,Plus10,197.53250773993807,1.0
OMPPI(DAG),1133.3333333333333,1,Plus25,171.54949944382648,1.0
OMPPI(DAG),1133.3333333333333,1,StaticOK,1075.9477,1.0
OMPPI(DAG),1133.3333333333333,1,Y,163.82198,1.0
OMPPI(DAG),1133.3333333333333,2,OriginalTests,460.2782,1.0
OMPPI(DAG),1133.3333333333333,2,Plus10,216.60401164671626,1.0
OMPPI(DAG),1133.3333333333333,2,Plus25,181.0,1.0
OMPPI(DAG),1133.3333333333333,2,StaticOK,644.3513183691433,1.0
OMPPI(DAG),1133.3333333333333,2,Y,183.57796,1.0
OMPPI(DAG),1133.3333333333333,3,OriginalTests,341.1154669280157,1.0
OMPPI(DAG),1133.3333333333333,3,Plus10,200.0,1.0
OMPPI(DAG),1133.3333333333333,3,StaticOK,455.1624361414404,1.0
OMPPI(DAG),1133.3333333333333,3,Y,177.61884,1.0
OMPPI(DAG),1133.3333333333333,4,OriginalTests,337.8937536252175,1.0
OMPPI(DAG),1133.3333333333333,4,Plus10,185.11063829787233,1.0
OMPPI(DAG),1133.3333333333333,4,StaticOK,498.32461947716865,1.0
OMPPI(DAG),1133.3333333333333,4,Y,176.457489149783,1.0
OMPPI(DAG),1444.4444444444443,0,OriginalTests,791.07024,1.0
OMPPI(DAG),1444.4444444444443,0,Plus10,364.4974427396042,1.0
OMPPI(DAG),1444.4444444444443,0,Plus25,186.96042868920034,1.0
OMPPI(DAG),1444.4444444444443,0,Plus50,136.2608695652174,1.0
OMPPI(DAG),1444.4444444444443,0,StaticOK,1523.97714,1.0
OMPPI(DAG),1444.4444444444443,0,Y,186.67458,1.0
OMPPI(DAG),1444.4444444444443,1,OriginalTests,721.82112,1.0
OMPPI(DAG),1444.4444444444443,1,Plus10,251.89957926490433,1.0
OMPPI(DAG),1444.4444444444443,1,Plus25,218.80088987764182,1.0
OMPPI(DAG),1444.4444444444443,1,StaticOK,1371.43936,1.0
OMPPI(DAG),1444.4444444444443,1,Y,208.9313,1.0
OMPPI(DAG),1444.4444444444443,2,OriginalTests,586.76648,1.0
OMPPI(DAG),1444.4444444444443,2,Plus10,276.19689420899385,1.0
OMPPI(DAG),1444.4444444444443,2,Plus25,231.0,1.0
OMPPI(DAG),1444.4444444444443,2,StaticOK,821.3703637018365,1.0
OMPPI(DAG),1444.4444444444443,2,Y,234.11102,1.0
OMPPI(DAG),1444.4444444444443,3,OriginalTests,434.88821329279756,1.0
OMPPI(DAG),1444.4444444444443,3,Plus10,256.0,1.0
OMPPI(DAG),1444.4444444444443,3,StaticOK,580.2446158469398,1.0
OMPPI(DAG),1444.4444444444443,3,Y,226.5115,1.0
OMPPI(DAG),1444.4444444444443,4,OriginalTests,430.78618717123027,1.0
OMPPI(DAG),1444.4444444444443,4,Plus10,236.05957446808512,1.0
OMPPI(DAG),1444.4444444444443,4,StaticOK,635.2595555733344,1.0
OMPPI(DAG),1444.4444444444443,4,Y,225.0322206444129,1.0
OMPPI(DAG),1755.5555555555554,0,OriginalTests,961.56076,1.0
OMPPI(DAG),1755.5555555555554,0,Plus10,443.10863808195364,1.0
OMPPI(DAG),1755.5555555555554,0,Plus25,227.33718054410554,1.0
OMPPI(DAG),1755.5555555555554,0,Plus50,165.69565217391303,1.0
OMPPI(DAG),1755.5555555555554,0,StaticOK,1852.3253,1.0
OMPPI(DAG),1755.5555555555554,0,Y,226.99152,1.0
OMPPI(DAG),1755.5555555555554,1,OriginalTests,877.40134,1.0
OMPPI(DAG),1755.5555555555554,1,Plus10,306.2618083670715,1.0
OMPPI(DAG),1755.5555555555554,1,Plus25,266.0456062291435,1.0
OMPPI(DAG),1755.5555555555554,1,StaticOK,1666.93576,1.0
OMPPI(DAG),1755.5555555555554,1,Y,254.04248,1.0
OMPPI(DAG),1755.5555555555554,2,OriginalTests,713.25662,1.0
OMPPI(DAG),1755.5555555555554,2,Plus10,335.79035910708507,1.0
OMPPI(DAG),1755.5555555555554,2,Plus25,280.6666666666667,1.0
OMPPI(DAG),1755.5555555555554,2,StaticOK,998.3892890009203,1.0
OMPPI(DAG),1755.5555555555554,2,Y,284.63744,1.0
OMPPI(DAG),1755.5555555555554,3,OriginalTests,528.6643398603916,1.0
OMPPI(DAG),1755.5555555555554,3,Plus10,311.0,1.0
OMPPI(DAG),1755.5555555555554,3,StaticOK,705.3265751778023,1.0
OMPPI(DAG),1755.5555555555554,3,Y,275.4055,1.0
OMPPI(DAG),1755.5555555555554,4,OriginalTests,523.6806008360502,1.0
OMPPI(DAG),1755.5555555555554,4,Plus10,287.0404255319149,1.0
OMPPI(DAG),1755.5555555555554,4,StaticOK,772.1897913874833,1.0
OMPPI(DAG),1755.5555555555554,4,Y,273.6080121602432,1.0
OMPPI(DAG),2066.6666666666665,0,OriginalTests,1132.05646,1.0
OMPPI(DAG),2066.6666666666665,0,Plus10,521.7221379909839,1.0
OMPPI(DAG),2066.6666666666665,0,Plus25,267.7122835943941,1.0
OMPPI(DAG),2066.6666666666665,0,Plus50,195.30434782608697,1.0
OMPPI(DAG),2066.6666666666665,0,StaticOK,2180.67174,1.0
OMPPI(DAG),2066.6666666666665,0,Y,267.30766,1.0
OMPPI(DAG),2066.6666666666665,1,OriginalTests,1032.97858,1.0
OMPPI(DAG),2066.6666666666665,1,Plus10,360.6270540604906,1.0
OMPPI(DAG),2066.6666666666665,1,Plus25,313.2725250278087,1.0
OMPPI(DAG),2066.6666666666665,1,StaticOK,1962.4283,1.0
OMPPI(DAG),2066.6666666666665,1,Y,299.14624,1.0
OMPPI(DAG),2066.6666666666665,2,OriginalTests,839.74264,1.0
OMPPI(DAG),2066.6666666666665,2,Plus10,395.3906826269816,1.0
OMPPI(DAG),2066.6666666666665,2,Plus25,330.6666666666667,1.0
OMPPI(DAG),2066.6666666666665,2,StaticOK,1175.40663385748,1.0
OMPPI(DAG),2066.6666666666665,2,Y,335.16738,1.0
OMPPI(DAG),2066.6666666666665,3,OriginalTests,622.4404664279857,1.0
OMPPI(DAG),2066.6666666666665,3,Plus10,366.0,1.0
OMPPI(DAG),2066.6666666666665,3,StaticOK,830.4133026144445,1.0
OMPPI(DAG),2066.6666666666665,3,Y,324.30046,1.0
OMPPI(DAG),2066.6666666666665,4,OriginalTests,616.5725943556613,1.0
OMPPI(DAG),2066.6666666666665,4,Plus10,337.9723404255319,1.0
OMPPI(DAG),2066.6666666666665,4,StaticOK,909.1236874212452,1.0
OMPPI(DAG),2066.6666666666665,4,Y,322.18656373127465,1.0
OMPPI(DAG),2377.7777777777774,0,OriginalTests,1302.54576,1.0
OMPPI(DAG),2377.7777777777774,0,Plus10,600.3380839751753,1.0
OMPPI(DAG),2377.7777777777774,0,Plus25,308.1030502885408,1.0
OMPPI(DAG),2377.7777777777774,0,Plus50,224.6086956521739,1.0
OMPPI(DAG),2377.7777777777774,0,StaticOK,2509.0209,1.0
OMPPI(DAG),2377.7777777777774,0,Y,307.6224,1.0
OMPPI(DAG),2377.7777777777774,1,OriginalTests,1188.55504,1.0
OMPPI(DAG),2377.7777777777774,1,Plus10,414.99102961022464,1.0
OMPPI(DAG),2377.7777777777774,1,Plus25,360.52280311457173,1.0
OMPPI(DAG),2377.7777777777774,1,StaticOK,2257.92424,1.0
OMPPI(DAG),2377.7777777777774,1,Y,344.25794,1.0
OMPPI(DAG),2377.7777777777774,2,OriginalTests,966.23394,1.0
OMPPI(DAG),2377.7777777777774,2,Plus10,454.9870592041411,1.0
OMPPI(DAG),2377.7777777777774,2,Plus25,380.6666666666667,1.0
OMPPI(DAG),2377.7777777777774,2,StaticOK,1352.4258992517905,1.0
OMPPI(DAG),2377.7777777777774,2,Y,385.70118,1.0
OMPPI(DAG),2377.7777777777774,3,OriginalTests,716.2168730123807,1.0
OMPPI(DAG),2377.7777777777774,3,Plus10,421.0,1.0
OMPPI(DAG),2377.7777777777774,3,StaticOK,955.4959831713913,1.0
OMPPI(DAG),2377.7777777777774,3,Y,373.19426,1.0
OMPPI(DAG),2377.7777777777774,4,OriginalTests,709.4632077924675,1.0
OMPPI(DAG),2377.7777777777774,4,Plus10,388.91063829787237,1.0
OMPPI(DAG),2377.7777777777774,4,StaticOK,1046.0536832209932,1.0
OMPPI(DAG),2377.7777777777774,4,Y,370.7612352247045,1.0
OMPPI(DAG),2688.8888888888887,0,OriginalTests,1473.0412,1.0
OMPPI(DAG),2688.8888888888887,0,Plus10,678.9504922473568,1.0
OMPPI(DAG),2688.8888888888887,0,Plus25,348.4929925803792,1.0
OMPPI(DAG),2688.8888888888887,0,Plus50,254.2173913043478,1.0
OMPPI(DAG),2688.8888888888887,0,StaticOK,2837.3688,1.0
OMPPI(DAG),2688.8888888888887,0,Y,347.93844,1.0
OMPPI(DAG),2688.8888888888887,1,OriginalTests,1344.1299,1.0
OMPPI(DAG),2688.8888888888887,1,Plus10,469.3554020798603,1.0
OMPPI(DAG),2688.8888888888887,1,Plus25,407.7363737486096,1.0
OMPPI(DAG),2688.8888888888887,1,StaticOK,2553.41986,1.0
OMPPI(DAG),2688.8888888888887,1,Y,389.36726,1.0
OMPPI(DAG),2688.8888888888887,2,OriginalTests,1092.71896,1.0
OMPPI(DAG),2688.8888888888887,2,Plus10,514.5786476868327,1.0
OMPPI(DAG),2688.8888888888887,2,Plus25,430.0,1.0
OMPPI(DAG),2688.8888888888887,2,StaticOK,1529.4421838114672,1.0
OMPPI(DAG),2688.8888888888887,2,Y,436.2327,1.0
OMPPI(DAG),2688.8888888888887,3,OriginalTests,809.9926595595736,1.0
OMPPI(DAG),2688.8888888888887,3,Plus10,476.0,1.0
OMPPI(DAG),2688.8888888888887,3,StaticOK,1080.5801863167385,1.0
OMPPI(DAG),2688.8888888888887,3,Y,422.09184,1.0
OMPPI(DAG),2688.8888888888887,4,OriginalTests,802.3573614416865,1.0
OMPPI(DAG),2688.8888888888887,4,Plus10,439.8872340425532,1.0
OMPPI(DAG),2688.8888888888887,4,StaticOK,1182.989739384363,1.0
OMPPI(DAG),2688.8888888888887,4,Y,419.3397467949359,1.0
OMPPI(DAG),3000.0,0,OriginalTests,1643.53468,1.0
OMPPI(DAG),3000.0,0,Plus10,757.5633048294823,1.0
OMPPI(DAG),3000.0,0,Plus25,388.8606760098928,1.0
OMPPI(DAG),3000.0,0,Plus50,283.69565217391306,1.0
OMPPI(DAG),3000.0,0,StaticOK,3165.7149,1.0
OMPPI(DAG),3000.0,0,Y,388.25252,1.0
OMPPI(DAG),3000.0,1,OriginalTests,1499.71012,1.0
OMPPI(DAG),3000.0,1,Plus10,523.7177105660078,1.0
OMPPI(DAG),3000.0,1,Plus25,454.97886540600666,1.0
OMPPI(DAG),3000.0,1,StaticOK,2848.9128,1.0
OMPPI(DAG),3000.0,1,Y,434.47508,1.0
OMPPI(DAG),3000.0,2,OriginalTests,1219.20812,1.0
OMPPI(DAG),3000.0,2,Plus10,574.1775477191848,1.0
OMPPI(DAG),3000.0,2,Plus25,480.0,1.0
OMPPI(DAG),3000.0,2,StaticOK,1706.461069099348,1.0
OMPPI(DAG),3000.0,2,Y,486.7631,1.0
OMPPI(DAG),3000.0,3,OriginalTests,903.7699461967718,1.0
OMPPI(DAG),3000.0,3,Plus10,532.0,1.0
OMPPI(DAG),3000.0,3,StaticOK,1205.662906941801,1.0
OMPPI(DAG),3000.0,3,Y,470.98442,1.0
OMPPI(DAG),3000.0,4,OriginalTests,895.2521751305078,1.0
OMPPI(DAG),3000.0,4,Plus10,490.8468085106383,1.0
OMPPI(DAG),3000.0,4,StaticOK,1319.9216152969177,1.0
OMPPI(DAG),3000.0,4,Y,467.9138782775656,1.0
OMPPI(Exhaustive),200.0,0,OriginalTests,109.10292,1.0
OMPPI(Exhaustive),200.0,0,Plus10,50.035397335597466,1.0
OMPPI(Exhaustive),200.0,0,Plus25,25.453421269579554,1.0
OMPPI(Exhaustive),200.0,0,Plus50,18.391304347826086,1.0
OMPPI(Exhaustive),200.0,0,StaticOK,210.5821,1.0
OMPPI(Exhaustive),200.0,0,Y,25.41756,1.0
OMPPI(Exhaustive),200.0,1,OriginalTests,99.51724,1.0
OMPPI(Exhaustive),200.0,1,Plus10,34.449630864491546,1.0
OMPPI(Exhaustive),200.0,1,Plus25,29.870967741935484,1.0
OMPPI(Exhaustive),200.0,1,StaticOK,189.46008,1.0
OMPPI(Exhaustive),200.0,1,Y,28.49964,1.0
OMPPI(Exhaustive),200.0,2,OriginalTests,80.81636,1.0
OMPPI(Exhaustive),200.0,2,Plus10,37.80789388547396,1.0
OMPPI(Exhaustive),200.0,2,Plus25,31.666666666666668,1.0
OMPPI(Exhaustive),200.0,2,StaticOK,113.29676309366623,1.0
OMPPI(Exhaustive),200.0,2,Y,31.98492,1.0
OMPPI(Exhaustive),200.0,3,OriginalTests,59.78590715442927,1.0
OMPPI(Exhaustive),200.0,3,Plus10,35.0,1.0
OMPPI(Exhaustive),200.0,3,StaticOK,79.90992687568867,1.0
OMPPI(Exhaustive),200.0,3,Y,30.93364,1.0
OMPPI(Exhaustive),200.0,4,OriginalTests,59.21673300398024,1.0
OMPPI(Exhaustive),200.0,4,Plus10,32.270212765957446,1.0
OMPPI(Exhaustive),200.0,4,StaticOK,87.52991179470769,1.0
OMPPI(Exhaustive),200.0,4,Y,30.72709454189084,1.0
OMPPI(Exhaustive),511.1111111111111,0,OriginalTests,279.5935,1.0
OMPPI(Exhaustive),511.1111111111111,0,Plus10,128.65101987183374,1.0
OMPPI(Exhaustive),511.1111111111111,0,Plus25,65.83347073371806,1.0
OMPPI(Exhaustive),511.1111111111111,0,Plus50,47.95652173913044,1.0
OMPPI(Exhaustive),511.1111111111111,0,StaticOK,538.92842,1.0
OMPPI(Exhaustive),511.1111111111111,0,Y,65.73174,1.0
OMPPI(Exhaustive),511.1111111111111,1,OriginalTests,255.09196,1.0
OMPPI(Exhaustive),511.1111111111111,1,Plus10,88.81154243073748,1.0
OMPPI(Exhaustive),511.1111111111111,1,Plus25,77.11012235817574,1.0
OMPPI(Exhaustive),511.1111111111111,1,StaticOK,484.95552,1.0
OMPPI(Exhaustive),511.1111111111111,1,Y,73.60786,1.0
OMPPI(Exhaustive),511.1111111111111,2,OriginalTests,207.30306,1.0
OMPPI(Exhaustive),511.1111111111111,2,Plus10,97.40459398252993,1.0
OMPPI(Exhaustive),511.1111111111111,2,Plus25,81.33333333333333,1.0
OMPPI(Exhaustive),511.1111111111111,2,StaticOK,290.31572840395313,1.0
OMPPI(Exhaustive),511.1111111111111,2,Y,82.51582,1.0
OMPPI(Exhaustive),511.1111111111111,3,OriginalTests,153.55943356601395,1.0
OMPPI(Exhaustive),511.1111111111111,3,Plus10,90.0,1.0
OMPPI(Exhaustive),511.1111111111111,3,StaticOK,204.99308825002504,1.0
OMPPI(Exhaustive),511.1111111111111,3,Y,79.82788,1.0
OMPPI(Exhaustive),511.1111111111111,4,OriginalTests,152.10926655599337,1.0
OMPPI(Exhaustive),511.1111111111111,4,Plus10,83.2127659574468,1.0
OMPPI(Exhaustive),511.1111111111111,4,StaticOK,224.46062763765826,1.0
OMPPI(Exhaustive),511.1111111111111,4,Y,79.30290605812117,1.0
OMPPI(Exhaustive),822.2222222222222,0,OriginalTests,450.08796,1.0
OMPPI(Exhaustive),822.2222222222222,0,Plus10,207.2634483595124,1.0
OMPPI(Exhaustive),822.2222222222222,0,Plus25,106.21846661170652,1.0
OMPPI(Exhaustive),822.2222222222222,0,Plus50,77.3913043478261,1.0
OMPPI(Exhaustive),822.2222222222222,0,StaticOK,867.2779,1.0
OMPPI(Exhaustive),822.2222222222222,0,Y,106.04472,1.0
OMPPI(Exhaustive),822.2222222222222,1,OriginalTests,410.66702,1.0
OMPPI(Exhaustive),822.2222222222222,1,Plus10,143.1758355163928,1.0
OMPPI(Exhaustive),822.2222222222222,1,Plus25,124.3392658509455,1.0
OMPPI(Exhaustive),822.2222222222222,1,StaticOK,780.4523,1.0
OMPPI(Exhaustive),822.2222222222222,1,Y,118.71662,1.0
OMPPI(Exhaustive),822.2222222222222,2,OriginalTests,333.79168,1.0
OMPPI(Exhaustive),822.2222222222222,2,Plus10,157.00433516661275,1.0
OMPPI(Exhaustive),822.2222222222222,2,Plus25,131.33333333333334,1.0
OMPPI(Exhaustive),822.2222222222222,2,StaticOK,467.3337734565678,1.0
OMPPI(Exhaustive),822.2222222222222,2,Y,133.0437,1.0
OMPPI(Exhaustive),822.2222222222222,3,OriginalTests,247.3366401984119,1.0
OMPPI(Exhaustive),822.2222222222222,3,Plus10,145.0,1.0
OMPPI(Exhaustive),822.2222222222222,3,StaticOK,330.0797355504357,1.0
OMPPI(Exhaustive),822.2222222222222,3,Y,128.72214,1.0
OMPPI(Exhaustive),822.2222222222222,4,OriginalTests,245.00176010560634,1.0
OMPPI(Exhaustive),822.2222222222222,4,Plus10,134.15744680851063,1.0
OMPPI(Exhaustive),822.2222222222222,4,StaticOK,361.3931835910155,1.0
OMPPI(Exhaustive),822.2222222222222,4,Y,127.88211764235285,1.0
OMPPI(Exhaustive),1133.3333333333333,0,OriginalTests,620.57776,1.0
OMPPI(Exhaustive),1133.3333333333333,0,Plus10,285.8798795156367,1.0
OMPPI(Exhaustive),1133.3333333333333,0,Plus25,146.57873042044517,1.0
OMPPI(Exhaustive),1133.3333333333333,0,Plus50,106.8695652173913,1.0
OMPPI(Exhaustive),1133.3333333333333,0,StaticOK,1195.62658,1.0
OMPPI(Exhaustive),1133.3333333333333,0,Y,146.36148,1.0
OMPPI(Exhaustive),1133.3333333333333,1,OriginalTests,566.24656,1.0
OMPPI(Exhaustive),1133.3333333333333,1,Plus10,197.53250773993807,1.0
OMPPI(Exhaustive),1133.3333333333333,1,Plus25,171.54949944382648,1.0
OMPPI(Exhaustive),1133.3333333333333,1,StaticOK,1075.9477,1.0
OMPPI(Exhaustive),1133.3333333333333,1,Y,163.82198,1.0
OMPPI(Exhaustive),1133.3333333333333,2,OriginalTests,460.2782,1.0
OMPPI(Exhaustive),1133.3333333333333,2,Plus10,216.60401164671626,1.0
OMPPI(Exhaustive),1133.3333333333333,2,Plus25,181.0,1.0
OMPPI(Exhaustive),1133.3333333333333,2,StaticOK,644.3513183691433,1.0
OMPPI(Exhaustive),1133.3333333333333,2,Y,183.57796,1.0
OMPPI(Exhaustive),1133.3333333333333,3,OriginalTests,341.1154669280157,1.0
OMPPI(Exhaustive),1133.3333333333333,3,Plus10,200.0,1.0
OMPPI(Exhaustive),1133.3333333333333,3,StaticOK,455.1624361414404,1.0
OMPPI(Exhaustive),1133.3333333333333,3,Y,177.61884,1.0
OMPPI(Exhaustive),1133.3333333333333,4,OriginalTests,337.8937536252175,1.0
OMPPI(Exhaustive),1133.3333333333333,4,Plus10,185.11063829787233,1.0
OMPPI(Exhaustive),1133.3333333333333,4,StaticOK,498.32461947716865,1.0
OMPPI(Exhaustive),1133.3333333333333,4,Y,176.457489149783,1.0
OMPPI(Exhaustive),1444.4444444444443,0,OriginalTests,791.07024,1.0
OMPPI(Exhaustive),1444.4444444444443,0,Plus10,364.4974427396042,1.0
OMPPI(Exhaustive),1444.4444444444443,0,Plus25,186.96042868920034,1.0
OMPPI(Exhaustive),1444.4444444444443,0,Plus50,136.2608695652174,1.0
OMPPI(Exhaustive),1444.4444444444443,0,StaticOK,1523.97714,1.0
OMPPI(Exhaustive),1444.4444444444443,0,Y,186.67458,1.0
OMPPI(Exhaustive),1444.4444444444443,1,OriginalTests,721.82112,1.0
OMPPI(Exhaustive),1444.4444444444443,1,Plus10,251.89957926490433,1.0
OMPPI(Exhaustive),1444.4444444444443,1,Plus25,218.80088987764182,1.0
OMPPI(Exhaustive),1444.4444444444443,1,StaticOK,1371.43936,1.0
OMPPI(Exhaustive),1444.4444444444443,1,Y,208.9313,1.0
OMPPI(Exhaustive),1444.4444444444443,2,OriginalTests,586.76648,1.0
OMPPI(Exhaustive),1444.4444444444443,2,Plus10,276.19689420899385,1.0
OMPPI(Exhaustive),1444.4444444444443,2,Plus25,231.0,1.0
OMPPI(Exhaustive),1444.4444444444443,2,StaticOK,821.3703637018365,1.0
OMPPI(Exhaustive),1444.4444444444443,2,Y,234.11102,1.0
OMPPI(Exhaustive),1444.4444444444443,3,OriginalTests,434.88821329279756,1.0
OMPPI(Exhaustive),1444.4444444444443,3,Plus10,256.0,1.0
OMPPI(Exhaustive),1444.4444444444443,3,StaticOK,580.2446158469398,1.0
OMPPI(Exhaustive),1444.4444444444443,3,Y,226.5115,1.0
OMPPI(Exhaustive),1444.4444444444443,4,OriginalTests,430.78618717123027,1.0
OMPPI(Exhaustive),1444.4444444444443,4,Plus10,236.05957446808512,1.0
OMPPI(Exhaustive),1444.4444444444443,4,StaticOK,635.2595555733344,1.0
OMPPI(Exhaustive),1444.4444444444443,4,Y,225.0322206444129,1.0
OMPPI(Exhaustive),1755.5555555555554,0,OriginalTests,961.56076,1.0
OMPPI(Exhaustive),1755.5555555555554,0,Plus10,443.10863808195364,1.0
OMPPI(Exhaustive),1755.5555555555554,0,Plus25,227.33718054410554,1.0
OMPPI(Exhaustive),1755.5555555555554,0,Plus50,165.69565217391303,1.0
OMPPI(Exhaustive),1755.5555555555554,0,StaticOK,1852.3253,1.0
OMPPI(Exhaustive),1755.5555555555554,0,Y,226.99152,1.0
OMPPI(Exhaustive),1755.5555555555554,1,OriginalTests,877.40134,1.0
OMPPI(Exhaustive),1755.5555555555554,1,Plus10,306.2618083670715,1.0
OMPPI(Exhaustive),1755.5555555555554,1,Plus25,266.0456062291435,1.0
OMPPI(Exhaustive),1755.5555555555554,1,StaticOK,1666.93576,1.0
OMPPI(Exhaustive),1755.5555555555554,1,Y,254.04248,1.0
OMPPI(Exhaustive),1755.5555555555554,2,OriginalTests,713.25662,1.0
OMPPI(Exhaustive),1755.5555555555554,2,Plus10,335.79035910708507,1.0
OMPPI(Exhaustive),1755.5555555555554,2,Plus25,280.6666666666667,1.0
OMPPI(Exhaustive),1755.5555555555554,2,StaticOK,998.3892890009203,1.0
OMPPI(Exhaustive),1755.5555555555554,2,Y,284.63744,1.0
OMPPI(Exhaustive),1755.5555555555554,3,OriginalTests,528.6643398603916,1.0
OMPPI(Exhaustive),1755.5555555555554,3,Plus10,311.0,1.0
OMPPI(Exhaustive),1755.5555555555554,3,StaticOK,705.3265751778023,1.0
OMPPI(Exhaustive),1755.5555555555554,3,Y,275.4055,1.0
OMPPI(Exhaustive),1755.5555555555554,4,OriginalTests,523.6806008360502,1.0
OMPPI(Exhaustive),1755.5555555555554,4,Plus10,287.0404255319149,1.0
OMPPI(Exhaustive),1755.5555555555554,4,StaticOK,772.1897913874833,1.0
OMPPI(Exhaustive),1755.5555555555554,4,Y,273.6080121602432,1.0
OMPPI(Exhaustive),2066.6666666666665,0,OriginalTests,1132.05646,1.0
OMPPI(Exhaustive),2066.6666666666665,0,Plus10,521.7221379909839,1.0
OMPPI(Exhaustive),2066.6666666666665,0,Plus25,267.7122835943941,1.0
OMPPI(Exhaustive),2066.6666666666665,0,Plus50,195.30434782608697,1.0
OMPPI(Exhaustive),2066.6666666666665,0,StaticOK,2180.67174,1.0
OMPPI(Exhaustive),2066.6666666666665,0,Y,267.30766,1.0
OMPPI(Exhaustive),2066.6666666666665,1,OriginalTests,1032.97858,1.0
OMPPI(Exhaustive),2066.6666666666665,1,Plus10,360.6270540604906,1.0
OMPPI(Exhaustive),2066.6666666666665,1,Plus25,313.2725250278087,1.0
OMPPI(Exhaustive),2066.6666666666665,1,StaticOK,1962.4283,1.0
OMPPI(Exhaustive),2066.6666666666665,1,Y,299.14624,1.0
OMPPI(Exhaustive),2066.6666666666665,2,OriginalTests,839.74264,1.0
OMPPI(Exhaustive),2066.6666666666665,2,Plus10,395.3906826269816,1.0
OMPPI(Exhaustive),2066.6666666666665,2,Plus25,330.6666666666667,1.0
OMPPI(Exhaustive),2066.6666666666665,2,StaticOK,1175.40663385748,1.0
OMPPI(Exhaustive),2066.6666666666665,2,Y,335.16738,1.0
OMPPI(Exhaustive),2066.6666666666665,3,OriginalTests,622.4404664279857,1.0
OMPPI(Exhaustive),2066.6666666666665,3,Plus10,366.0,1.0
OMPPI(Exhaustive),2066.6666666666665,3,StaticOK,830.4133026144445,1.0
OMPPI(Exhaustive),2066.6666666666665,3,Y,324.30046,1.0
OMPPI(Exhaustive),2066.6666666666665,4,OriginalTests,616.5725943556613,1.0
OMPPI(Exhaustive),2066.6666666666665,4,Plus10,337.9723404255319,1.0
OMPPI(Exhaustive),2066.6666666666665,4,StaticOK,909.1236874212452,1.0
OMPPI(Exhaustive),2066.6666666666665,4,Y,322.18656373127465,1.0
OMPPI(Exhaustive),2377.7777777777774,0,OriginalTests,1302.54576,1.0
OMPPI(Exhaustive),2377.7777777777774,0,Plus10,600.3380839751753,1.0
OMPPI(Exhaustive),2377.7777777777774,0,Plus25,308.1030502885408,1.0
OMPPI(Exhaustive),2377.7777777777774,0,Plus50,224.6086956521739,1.0
OMPPI(Exhaustive),2377.7777777777774,0,StaticOK,2509.0209,1.0
OMPPI(Exhaustive),2377.7777777777774,0,Y,307.6224,1.0
OMPPI(Exhaustive),2377.7777777777774,1,OriginalTests,1188.55504,1.0
OMPPI(Exhaustive),2377.7777777777774,1,Plus10,414.99102961022464,1.0
OMPPI(Exhaustive),2377.7777777777774,1,Plus25,360.52280311457173,1.0
OMPPI(Exhaustive),2377.7777777777774,1,StaticOK,2257.92424,1.0
OMPPI(Exhaustive),2377.7777777777774,1,Y,344.25794,1.0
OMPPI(Exhaustive),2377.7777777777774,2,OriginalTests,966.23394,1.0
OMPPI(Exhaustive),2377.7777777777774,2,Plus10,454.9870592041411,1.0
OMPPI(Exhaustive),2377.7777777777774,2,Plus25,380.6666666666667,1.0
OMPPI(Exhaustive),2377.7777777777774,2,StaticOK,1352.4258992517905,1.0
OMPPI(Exhaustive),2377.7777777777774,2,Y,385.70118,1.0
OMPPI(Exhaustive),2377.7777777777774,3,OriginalTests,716.2168730123807,1.0
OMPPI(Exhaustive),2377.7777777777774,3,Plus10,421.0,1.0
OMPPI(Exhaustive),2377.7777777777774,3,StaticOK,955.4959831713913,1.0
OMPPI(Exhaustive),2377.7777777777774,3,Y,373.19426,1.0
OMPPI(Exhaustive),2377.7777777777774,4,OriginalTests,709.4632077924675,1.0
OMPPI(Exhaustive),2377.7777777777774,4,Plus10,388.91063829787237,1.0
OMPPI(Exhaustive),2377.7777777777774,4,StaticOK,1046.0536832209932,1.0
OMPPI(Exhaustive),2377.7777777777774,4,Y,370.7612352247045,1.0
OMPPI(Exhaustive),2688.8888888888887,0,OriginalTests,1473.0412,1.0
OMPPI(Exhaustive),2688.8888888888887,0,Plus10,678.9504922473568,1.0
OMPPI(Exhaustive),2688.8888888888887,0,Plus25,348.4929925803792,1.0
OMPPI(Exhaustive),2688.8888888888887,0,Plus50,254.2173913043478,1.0
OMPPI(Exhaustive),2688.8888888888887,0,StaticOK,2837.3688,1.0
OMPPI(Exhaustive),2688.8888888888887,0,Y,347.93844,1.0
OMPPI(Exhaustive),2688.8888888888887,1,OriginalTests,1344.1299,1.0
OMPPI(Exhaustive),2688.8888888888887,1,Plus10,469.3554020798603,1.0
OMPPI(Exhaustive),2688.8888888888887,1,Plus25,407.7363737486096,1.0
OMPPI(Exhaustive),2688.8888888888887,1,StaticOK,2553.41986,1.0
OMPPI(Exhaustive),2688.8888888888887,1,Y,389.36726,1.0
OMPPI(Exhaustive),2688.8888888888887,2,OriginalTests,1092.71896,1.0
OMPPI(Exhaustive),2688.8888888888887,2,Plus10,514.5786476868327,1.0
OMPPI(Exhaustive),2688.8888888888887,2,Plus25,430.0,1.0
OMPPI(Exhaustive),2688.8888888888887,2,StaticOK,1529.4421838114672,1.0
OMPPI(Exhaustive),2688.8888888888887,2,Y,436.2327,1.0
OMPPI(Exhaustive),2688.8888888888887,3,OriginalTests,809.9926595595736,1.0
OMPPI(Exhaustive),2688.8888888888887,3,Plus10,476.0,1.0
OMPPI(Exhaustive),2688.8888888888887,3,StaticOK,1080.5801863167385,1.0
OMPPI(Exhaustive),2688.8888888888887,3,Y,422.09184,1.0
OMPPI(Exhaustive),2688.8888888888887,4,OriginalTests,802.3573614416865,1.0
OMPPI(Exhaustive),2688.8888888888887,4,Plus10,439.8872340425532,1.0
OMPPI(Exhaustive),2688.8888888888887,4,StaticOK,1182.989739384363,1.0
OMPPI(Exhaustive),2688.8888888888887,4,Y,419.3397467949359,1.0
OMPPI(Exhaustive),3000.0,0,OriginalTests,1643.53468,1.0
OMPPI(Exhaustive),3000.0,0,Plus10,757.5633048294823,1.0
OMPPI(Exhaustive),3000.0,0,Plus25,388.8606760098928,1.0
OMPPI(Exhaustive),3000.0,0,Plus50,283.69565217391306,1.0
OMPPI(Exhaustive),3000.0,0,StaticOK,3165.7149,1.0
OMPPI(Exhaustive),3000.0,0,Y,388.25252,1.0
OMPPI(Exhaustive),3000.0,1,OriginalTests,1499.71012,1.0
OMPPI(Exhaustive),3000.0,1,Plus10,523.7177105660078,1.0
OMPPI(Exhaustive),3000.0,1,Plus25,454.97886540600666,1.0
OMPPI(Exhaustive),3000.0,1,StaticOK,2848.9128,1.0
OMPPI(Exhaustive),3000.0,1,Y,434.47508,1.0
OMPPI(Exhaustive),3000.0,2,OriginalTests,1219.20812,1.0
OMPPI(Exhaustive),3000.0,2,Plus10,574.1775477191848,1.0
OMPPI(Exhaustive),3000.0,2,Plus25,480.0,1.0
OMPPI(Exhaustive),3000.0,2,StaticOK,1706.461069099348,1.0
OMPPI(Exhaustive),3000.0,2,Y,486.7631,1.0
OMPPI(Exhaustive),3000.0,3,OriginalTests,903.7699461967718,1.0
OMPPI(Exhaustive),3000.0,3,Plus10,532.0,1.0
OMPPI(Exhaustive),3000.0,3,StaticOK,1205.662906941801,1.0
OMPPI(Exhaustive),3000.0,3,Y,470.98442,1.0
OMPPI(Exhaustive),3000.0,4,OriginalTests,895.2521751305078,1.0
OMPPI(Exhaustive),3000.0,4,Plus10,490.8468085106383,1.0
OMPPI(Exhaustive),3000.0,4,StaticOK,1319.9216152969177,1.0
OMPPI(Exhaustive),3000.0,4,Y,467.9138782775656,1.0
