method,budget,budget_floor_applied,multippi_starts_success,multippi_cost_share_full,multippi_cost_share_joint,multippi_classical_fallback,lo_selected,no_admissible_route,dag_matches_exhaustive,dag_rounding_fallback
Classical,200.0,0.0,,,,,,,,
Classical,511.1111111111111,0.0,,,,,,,,
Classical,822.2222222222222,0.0,,,,,,,,
Classical,1133.3333333333333,0.0,,,,,,,,
Classical,1444.4444444444443,0.0,,,,,,,,
Classical,1755.5555555555554,0.0,,,,,,,,
Classical,2066.6666666666665,0.0,,,,,,,,
Classical,2377.7777777777774,0.0,,,,,,,,
Classical,2688.8888888888887,0.0,,,,,,,,
Classical,3000.0,0.0,,,,,,,,
MultiPPI,200.0,0.0,1.985448,0.7503498717078867,0.006418071526151668,0.0,,,,
MultiPPI,511.1111111111111,0.0,1.985448,0.7563446585943533,0.0027192078730680497,0.0,,,,
MultiPPI,822.2222222222222,0.0,1.985448,0.7578043607511268,0.0018157599099204243,0.0,,,,
MultiPPI,1133.3333333333333,0.0,1.985448,0.7584561357595244,0.001417792729820179,0.0,,,,
MultiPPI,1444.4444444444443,0.0,1.985448,0.7588290381199934,0.0011877362071402318,0.0,,,,
MultiPPI,1755.5555555555554,0.0,1.985448,0.7590744744173152,0.0010344492509888486,0.0,,,,
MultiPPI,2066.6666666666665,0.0,1.985448,0.7592393078231605,0.0009350248242363499,0.0,,,,
MultiPPI,2377.7777777777774,0.0,1.985448,0.7593650294588616,0.000857455327917167,0.0,,,,
MultiPPI,2688.8888888888887,0.0,1.985448,0.7594604936866076,0.0007984739718424365,0.0,,,,
MultiPPI,3000.0,0.0,1.985448,0.7595366971651641,0.0007506622680449518,0.0,,,,
OMPPI(DAG),200.0,0.0,,,,,4e-06,0.0,1.0,0.0
OMPPI(DAG),511.1111111111111,0.0,,,,,4e-06,0.0,1.0,0.0
OMPPI(DAG),822.2222222222222,0.0,,,,,4e-06,0.0,1.0,0.0
OMPPI(DAG),1133.3333333333333,0.0,,,,,4e-06,0.0,1.0,0.0
OMPPI(DAG),1444.4444444444443,0.0,,,,,4e-06,0.0,1.0,0.0
OMPPI(DAG),1755.5555555555554,0.0,,,,,4e-06,0.0,1.0,0.0
OMPPI(DAG),2066.6666666666665,0.0,,,,,4e-06,0.0,1.0,0.0
OMPPI(DAG),2377.7777777777774,0.0,,,,,4e-06,0.0,1.0,0.0
OMPPI(DAG),2688.8888888888887,0.0,,,,,4e-06,0.0,1.0,0.0
OMPPI(DAG),3000.0,0.0,,,,,4e-06,0.0,1.0,0.0
OMPPI(Exhaustive),200.0,0.0,,,,,4e-06,0.0,,
OMPPI(Exhaustive),511.1111111111111,0.0,,,,,4e-06,0.0,,
OMPPI(Exhaustive),822.2222222222222,0.0,,,,,4e-06,0.0,,
OMPPI(Exhaustive),1133.3333333333333,0.0,,,,,4e-06,0.0,,
OMPPI(Exhaustive),1444.4444444444443,0.0,,,,,4e-06,0.0,,
OMPPI(Exhaustive),1755.5555555555554,0.0,,,,,4e-06,0.0,,
OMPPI(Exhaustive),2066.6666666666665,0.0,,,,,4e-06,0.0,,
OMPPI(Exhaustive),2377.7777777777774,0.0,,,,,4e-06,0.0,,
OMPPI(Exhaustive),2688.8888888888887,0.0,,,,,4e-06,0.0,,
OMPPI(Exhaustive),3000.0,0.0,,,,,4e-06,0.0,,
VectorPPI++,200.0,0.0,,,,,,,,
VectorPPI++,511.1111111111111,0.0,,,,,,,,
VectorPPI++,822.2222222222222,0.0,,,,,,,,
VectorPPI++,1133.3333333333333,0.0,,,,,,,,
VectorPPI++,1444.4444444444443,0.0,,,,,,,,
VectorPPI++,1755.5555555555554,0.0,,,,,,,,
VectorPPI++,2066.6666666666665,0.0,,,,,,,,
VectorPPI++,2377.7777777777774,0.0,,,,,,,,
VectorPPI++,2688.8888888888887,0.0,,,,,,,,
VectorPPI++,3000.0,0.0,,,,,,,,
