method,budget,n_trials,n_nan,coverage_pool,rmse_pool,mean_bias_pool,mean_ci_width,mean_var_hat,actual_cost_mean,actual_cost_max
Classical,100.0,20000,0,0.94925,0.01742446771247568,7.334699028163584e-05,0.06856442536815799,0.00030613990569943866,0.0,0.0
Classical,255.55555555555554,20000,0,0.94925,0.01742446771247568,7.334699028163584e-05,0.06856442536815799,0.00030613990569943866,0.0,0.0
Classical,411.1111111111111,20000,0,0.94925,0.01742446771247568,7.334699028163584e-05,0.06856442536815799,0.00030613990569943866,0.0,0.0
Classical,566.6666666666666,20000,0,0.94925,0.01742446771247568,7.334699028163584e-05,0.06856442536815799,0.00030613990569943866,0.0,0.0
Classical,722.2222222222222,20000,0,0.94925,0.01742446771247568,7.334699028163584e-05,0.06856442536815799,0.00030613990569943866,0.0,0.0
Classical,877.7777777777777,20000,0,0.94925,0.01742446771247568,7.334699028163584e-05,0.06856442536815799,0.00030613990569943866,0.0,0.0
Classical,1033.3333333333333,20000,0,0.94925,0.01742446771247568,7.334699028163584e-05,0.06856442536815799,0.00030613990569943866,0.0,0.0
Classical,1188.8888888888887,20000,0,0.94925,0.01742446771247568,7.334699028163584e-05,0.06856442536815799,0.00030613990569943866,0.0,0.0
Classical,1344.4444444444443,20000,0,0.94925,0.01742446771247568,7.334699028163584e-05,0.06856442536815799,0.00030613990569943866,0.0,0.0
Classical,1500.0,20000,0,0.94925,0.01742446771247568,7.334699028163584e-05,0.06856442536815799,0.00030613990569943866,0.0,0.0
MultiPPI,100.0,20000,0,0.94925,0.017260701442443602,6.923337917633979e-05,0.06764933823623384,0.00029805091167054077,98.91439588709994,99.78353458099294
MultiPPI,255.55555555555554,20000,0,0.9496,0.017200981305754513,7.667861286848956e-05,0.0673942285129783,0.000295844883805237,253.906075009076,255.0309209276419
MultiPPI,411.1111111111111,20000,0,0.94805,0.017204706910112437,7.321356374286363e-05,0.06735231036090263,0.00029550045137982216,409.0221041840192,410.48848213049337
MultiPPI,566.6666666666666,20000,0,0.9492,0.017210734902932796,7.078212780914062e-05,0.06736860802529492,0.00029565961138474,564.1633174633494,565.9199565696846
MultiPPI,722.2222222222222,20000,0,0.94885,0.01722917324433554,8.308800590422088e-05,0.06739992554917788,0.00029594625284075826,719.3996286178291,721.5172537679778
MultiPPI,877.7777777777777,20000,0,0.948,0.017269918579938506,8.067330061968348e-05,0.0674366196760326,0.0002962782418996831,874.5357172721043,876.6908384361084
MultiPPI,1033.3333333333333,20000,0,0.9482,0.01730758026301659,7.884664854547401e-05,0.06747235643550174,0.00029659998452761274,1029.7303208678968,1032.163916059341
MultiPPI,1188.8888888888887,20000,0,0.9487,0.01728505395013791,0.00011217807027555311,0.0675064922099872,0.0002969065467873565,1184.9544801492882,1187.619186952287
MultiPPI,1344.4444444444443,20000,0,0.94865,0.017286022105359712,0.00013362864930227642,0.06753787689555157,0.0002971883856662355,1340.1888168659318,1343.1496479595298
MultiPPI,1500.0,20000,0,0.95,0.017254351281215042,9.22038370200471e-05,0.06756704731618147,0.00029745017901271583,1495.437159521191,1498.6998553155474
OMPPI(DAG),100.0,20000,0,0.9484,0.017202658717653065,0.00012762157506514483,0.06743078843024754,0.0002961398184467839,98.93505150128586,99.88300928239207
OMPPI(DAG),255.55555555555554,20000,0,0.949,0.01717924731806995,0.00010486087516086559,0.06736235503815066,0.000295572244771736,253.3413544846821,255.47551517450592
OMPPI(DAG),411.1111111111111,20000,0,0.9493,0.017171159421066947,4.455785284550363e-05,0.06720972841872097,0.00029425395213545594,407.9256588086629,411.0386895811539
OMPPI(DAG),566.6666666666666,20000,0,0.9491,0.01711350754990668,5.81450749559177e-05,0.06709479388527592,0.0002932597532580692,562.2977502057353,566.5790846539728
OMPPI(DAG),722.2222222222222,20000,0,0.94865,0.01711581572119085,6.914343675193307e-05,0.06701109984912794,0.00029253786174390724,716.6600471744543,722.11096993259
OMPPI(DAG),877.7777777777777,20000,0,0.94965,0.017080928497213047,5.307035757592013e-05,0.06695217301850845,0.00029202845535557264,871.0919985628058,877.7299093016696
OMPPI(DAG),1033.3333333333333,20000,0,0.9486,0.01710054769418872,5.471991086344263e-05,0.06690274699132807,0.0002916013899209047,1025.5915036318181,1033.2816757799424
OMPPI(DAG),1188.8888888888887,20000,0,0.9475,0.01710301707335692,5.605580338889467e-05,0.06686102114761694,0.0002912408427656224,1180.0410284758882,1188.855457543073
OMPPI(DAG),1344.4444444444443,20000,0,0.94845,0.01707560987674383,6.544969026316377e-05,0.06682886915259163,0.0002909630161060338,1334.4327406746133,1344.3649408344959
OMPPI(DAG),1500.0,20000,0,0.9483,0.017081520554905246,6.16963772751401e-05,0.06680191276740291,0.0002907298160443032,1488.9656636640018,1499.9252154964863
OMPPI(Exhaustive),100.0,20000,0,0.9501,0.017167423345570143,0.00011111773692419623,0.06743108791552742,0.0002961420159968899,98.93505150128586,99.88300928239207
OMPPI(Exhaustive),255.55555555555554,20000,0,0.95,0.01719427915376171,9.561957705348622e-05,0.06736331228376051,0.00029558078494847453,253.3413544846821,255.47551517450592
OMPPI(Exhaustive),411.1111111111111,20000,0,0.94935,0.017155870255557783,4.61689589019181e-05,0.06721103347610373,0.00029426498949180335,407.9256588086629,411.0386895811539
OMPPI(Exhaustive),566.6666666666666,20000,0,0.9488,0.01712419840338919,9.421522241595765e-05,0.06709238323089668,0.000293238452379743,562.2977502057353,566.5790846539728
OMPPI(Exhaustive),722.2222222222222,20000,0,0.94865,0.01711725870501368,5.2143034862506286e-05,0.06701101713325842,0.00029253665283479656,716.6600471744543,722.11096993259
OMPPI(Exhaustive),877.7777777777777,20000,0,0.9489,0.017099751059908387,6.595740477582473e-05,0.06695013048937133,0.00029201097420770934,871.0919985628058,877.7299093016696
OMPPI(Exhaustive),1033.3333333333333,20000,0,0.94855,0.017098856264502242,4.6678650360846194e-05,0.06690313849839294,0.00029160436830682085,1025.5915036318181,1033.2816757799424
OMPPI(Exhaustive),1188.8888888888887,20000,0,0.94965,0.01707841214841307,6.571556192387266e-05,0.06686010220056919,0.00029123234633391954,1180.0410284758882,1188.855457543073
OMPPI(Exhaustive),1344.4444444444443,20000,0,0.94775,0.01709125451376106,7.171658006800362e-05,0.06682725319283869,0.0002909493460787786,1334.4327406746133,1344.3649408344959
OMPPI(Exhaustive),1500.0,20000,0,0.94865,0.017040541902198524,8.249651480189398e-05,0.06680054744469756,0.00029071808411532476,1488.9656636640018,1499.9252154964863
VectorPPI++,100.0,20000,0,0.9495,0.017428166521977567,5.570106316068766e-05,0.068540856660823,0.00030592799154566816,91.408185044298,91.408185044298
VectorPPI++,255.55555555555554,20000,0,0.9486,0.01742887700525123,5.762810535870379e-05,0.06850784796871376,0.0003056325218469275,248.10793083452313,248.1079308345231
VectorPPI++,411.1111111111111,20000,0,0.9495,0.017408128910606897,6.848241080233067e-05,0.06847993977561254,0.00030538646817916817,404.80767662474824,404.80767662474824
VectorPPI++,566.6666666666666,20000,0,0.9512,0.01737562550581784,0.00015744949667168963,0.06845046865718743,0.00030512887913348064,561.5074224149733,561.5074224149733
VectorPPI++,722.2222222222222,20000,0,0.94865,0.017454332748662833,5.893319208461139e-05,0.06843336336256306,0.0003049826030414548,718.2071682051985,718.2071682051985
VectorPPI++,877.7777777777777,20000,0,0.9487,0.01745373689544972,6.886858733411428e-05,0.06841509761236512,0.0003048256780962304,874.9069139954236,874.9069139954236
VectorPPI++,1033.3333333333333,20000,0,0.9498,0.01744830206810512,5.498828005805265e-05,0.06839782225197868,0.00030467868496864117,1026.3833349259746,1026.3833349259746
VectorPPI++,1188.8888888888887,20000,0,0.95015,0.017429921961930248,3.01562355393163e-05,0.06838270763466017,0.00030455026497050377,1183.0830807161997,1183.0830807161997
VectorPPI++,1344.4444444444443,20000,0,0.95005,0.017423761524421044,0.0001100806250798428,0.06836693690321177,0.00030441708002467083,1339.782826506425,1339.782826506425
VectorPPI++,1500.0,20000,0,0.94885,0.01747888116669318,0.00010683151433053324,0.06835710107298391,0.0003043359773742011,1496.48257229665,1496.48257229665
