outer_trial,inner_trial,method,budget,theta_pool,theta_hat,var_hat,ci_low,ci_high,ci_width,covered_pool,sq_error_pool,actual_cost
0,0,Classical,100.0,0.7575954837354777,0.7464818266542406,0.0002975043722641972,0.7126757503508692,0.780287902957612,0.06761215260674279,1.0,0.00012351337371933213,0.0
0,0,VectorPPI++,100.0,0.7575954837354777,0.7483944112495855,0.000293964643098782,0.7147900503539515,0.7819987721452195,0.06720872179126802,1.0,8.465973489064232e-05,91.408185044298
0,0,MultiPPI,100.0,0.7575954837354777,0.7563155657997337,0.00026956902062068197,0.7241357850041907,0.7884953465952766,0.06435956159108591,1.0,1.6381899222391861e-06,98.12696946092618
0,0,OMPPI(DAG),100.0,0.7575954837354777,0.7533274418431007,0.0002636771341243264,0.7215012756791211,0.7851536080070803,0.06365233232795925,1.0,1.8216181595084618e-05,99.77907569391029
0,0,OMPPI(Exhaustive),100.0,0.7575954837354777,0.7471620895440652,0.0002656942903021048,0.7152144186572996,0.7791097604308307,0.06389534177353107,1.0,0.00010885571435340087,99.77907569391029
0,0,Classical,255.55555555555554,0.7575954837354777,0.7464818266542406,0.0002975043722641972,0.7126757503508692,0.780287902957612,0.06761215260674279,1.0,0.00012351337371933213,0.0
0,0,VectorPPI++,255.55555555555554,0.7575954837354777,0.7481524691328513,0.0002893420323479987,0.7148133704293652,0.7814915678363373,0.06667819740697208,1.0,8.917052478541582e-05,248.1079308345231
0,0,MultiPPI,255.55555555555554,0.7575954837354777,0.7508445464796822,0.00026200955170067555,0.719119179602581,0.7825699133567835,0.0634507337542025,1.0,4.5575153831687036e-05,253.80389121941022
0,0,OMPPI(DAG),255.55555555555554,0.7575954837354777,0.752997071315467,0.0002606255769531984,0.7213556045118348,0.7846385381190992,0.06328293360726443,1.0,2.114539678450856e-05,255.17629905973644
0,0,OMPPI(Exhaustive),255.55555555555554,0.7575954837354777,0.7525242107500849,0.000260671170410365,0.7208799764115271,0.7841684450886427,0.06328846867711552,1.0,2.571780969237463e-05,255.17629905973644
0,0,Classical,411.1111111111111,0.7575954837354777,0.7464818266542406,0.0002975043722641972,0.7126757503508692,0.780287902957612,0.06761215260674279,1.0,0.00012351337371933213,0.0
0,0,VectorPPI++,411.1111111111111,0.7575954837354777,0.7468575112075009,0.00028685367384425145,0.7136620811660401,0.7800529412489616,0.06639086008292151,1.0,0.00011530405401158476,404.80767662474824
0,0,MultiPPI,411.1111111111111,0.7575954837354777,0.7556824015632725,0.00025794539266348385,0.7242040502102466,0.7871607529162984,0.06295670270605187,1.0,3.6598833976093853e-06,408.71743326246735
0,0,OMPPI(DAG),411.1111111111111,0.7575954837354777,0.7537367015239694,0.0002566424589691704,0.7223379525397862,0.7851354505081527,0.06279749796836655,1.0,1.489020015585258e-05,410.8355126687914
0,0,OMPPI(Exhaustive),411.1111111111111,0.7575954837354777,0.7556815215820278,0.0002559352238223455,0.7243260655483696,0.787036977615686,0.06271091206731647,1.0,3.663251124838407e-06,410.8355126687914
0,0,Classical,566.6666666666666,0.7575954837354777,0.7464818266542406,0.0002975043722641972,0.7126757503508692,0.780287902957612,0.06761215260674279,1.0,0.00012351337371933213,0.0
0,0,VectorPPI++,566.6666666666666,0.7575954837354777,0.7471937438755683,0.0002842523552892083,0.7141491721953541,0.7802383155557824,0.06608914336042826,1.0,0.00010819619211322891,561.5074224149733
0,0,MultiPPI,566.6666666666666,0.7575954837354777,0.7540986182753862,0.00025568810579165653,0.7227583035140451,0.7854389330367272,0.0626806295226821,1.0,1.222806804598119e-05,564.7284376125583
0,0,OMPPI(DAG),566.6666666666666,0.7575954837354777,0.7506563915314105,0.0002553949352311131,0.719334049238661,0.78197873382416,0.062644684585499,1.0,4.815100061654602e-05,566.3384593812436
0,0,OMPPI(Exhaustive),566.6666666666666,0.7575954837354777,0.7561025257792813,0.00025400264817913875,0.7248656771333724,0.7873393744251902,0.062473697291817745,1.0,2.228923458970182e-06,566.3384593812436
0,0,Classical,722.2222222222222,0.7575954837354777,0.7464818266542406,0.0002975043722641972,0.7126757503508692,0.780287902957612,0.06761215260674279,1.0,0.00012351337371933213,0.0
0,0,VectorPPI++,722.2222222222222,0.7575954837354777,0.7509425294978889,0.00028028296902226827,0.7181294911801571,0.7837555678156206,0.06562607663546347,1.0,4.426180008745112e-05,718.2071682051985
0,0,MultiPPI,722.2222222222222,0.7575954837354777,0.7544032794732912,0.00025400755904616754,0.7231661288634663,0.7856404300831161,0.0624743012196498,1.0,1.0190168051521472e-05,719.6150321270607
0,0,OMPPI(DAG),722.2222222222222,0.7575954837354777,0.7547622248761836,0.0002534563862326595,0.7235589835292545,0.7859654662231127,0.06240648269385824,1.0,8.027355763768423e-06,721.7468262411139
0,0,OMPPI(Exhaustive),722.2222222222222,0.7575954837354777,0.7528052871751597,0.00025370636679115526,0.7215866619559713,0.7840239123943481,0.06243725043837668,1.0,2.2945983086482237e-05,721.7468262411139
0,0,Classical,877.7777777777777,0.7575954837354777,0.7464818266542406,0.0002975043722641972,0.7126757503508692,0.780287902957612,0.06761215260674279,1.0,0.00012351337371933213,0.0
0,0,VectorPPI++,877.7777777777777,0.7575954837354777,0.7516064001190402,0.00027657896408981263,0.7190108988769784,0.784201901361102,0.06519100248412367,1.0,3.5869122564679636e-05,874.9069139954236
0,0,MultiPPI,877.7777777777777,0.7575954837354777,0.7529428342703861,0.0002531671246447352,0.7217574036324057,0.7841282649083665,0.062370861275960816,1.0,2.1647147045017013e-05,873.6044332388066
0,0,OMPPI(DAG),877.7777777777777,0.7575954837354777,0.7565436876396829,0.00024981031864151546,0.7255656946116338,0.7875216806677321,0.061955986056098235,1.0,1.106275027129089e-06,877.328663061696
0,0,OMPPI(Exhaustive),877.7777777777777,0.7575954837354777,0.7536290848952063,0.0002510395829561521,0.7225749672891579,0.7846832025012547,0.06210823521209679,1.0,1.573231976010623e-05,877.328663061696
0,0,Classical,1033.3333333333333,0.7575954837354777,0.7464818266542406,0.0002975043722641972,0.7126757503508692,0.780287902957612,0.06761215260674279,1.0,0.00012351337371933213,0.0
0,0,VectorPPI++,1033.3333333333333,0.7575954837354777,0.7465492593038904,0.0002771943628611843,0.7139175150927731,0.7791810035150076,0.0652634884222345,1.0,0.0001220190741929965,1026.3833349259746
0,0,MultiPPI,1033.3333333333333,0.7575954837354777,0.7572668060290494,0.00025225412780774186,0.726137658203843,0.7883959538542558,0.062258295650412826,1.0,1.0802903470297051e-07,1028.6264421050018
0,0,OMPPI(DAG),1033.3333333333333,0.7575954837354777,0.7547653821153635,0.0002495965338230976,0.7238006472308305,0.7857301169998965,0.06192946976906609,1.0,8.009475180173085e-06,1032.7234902507923
0,0,OMPPI(Exhaustive),1033.3333333333333,0.7575954837354777,0.7535514150493365,0.00025179087866864164,0.7224508637385965,0.7846519663600766,0.0622011026214802,1.0,1.635449153822745e-05,1032.7234902507923
0,0,Classical,1188.8888888888887,0.7575954837354777,0.7464818266542406,0.0002975043722641972,0.7126757503508692,0.780287902957612,0.06761215260674279,1.0,0.00012351337371933213,0.0
0,0,VectorPPI++,1188.8888888888887,0.7575954837354777,0.7457619443415585,0.0002773325066739792,0.7131220698928421,0.7784018187902749,0.0652797488974328,1.0,0.0001400326545874371,1183.0830807161997
0,0,MultiPPI,1188.8888888888887,0.7575954837354777,0.7553931441985121,0.0002520794765722806,0.7242747745626436,0.7865115138343807,0.0622367392717371,1.0,4.850299436081768e-06,1185.0276153270597
0,0,OMPPI(DAG),1188.8888888888887,0.7575954837354777,0.7544147287267826,0.00025092928096391944,0.7233674341630162,0.785462023290549,0.06209458912753293,1.0,1.0117202425338837e-05,1188.3332071942707
0,0,OMPPI(Exhaustive),1188.8888888888887,0.7575954837354777,0.754091988869539,0.000251460189694909,0.7230118671877159,0.785172110551362,0.062160243363646055,1.0,1.2274476275658868e-05,1188.3332071942707
0,0,Classical,1344.4444444444443,0.7575954837354777,0.7464818266542406,0.0002975043722641972,0.7126757503508692,0.780287902957612,0.06761215260674279,1.0,0.00012351337371933213,0.0
0,0,VectorPPI++,1344.4444444444443,0.7575954837354777,0.7470311746821076,0.0002748601380414868,0.7145371151983084,0.7795252341659067,0.06498811896759821,1.0,0.0001116046257751182,1339.782826506425
0,0,MultiPPI,1344.4444444444443,0.7575954837354777,0.7532598278315477,0.0002516040857631397,0.7221708147468984,0.7843488409161969,0.062178026169298566,1.0,1.8797912117283375e-05,1338.2620519396596
0,0,OMPPI(DAG),1344.4444444444443,0.7575954837354777,0.7539561736443716,0.00025045579836100416,0.7229381847378054,0.7849741625509379,0.06203597781313256,1.0,1.3244577939226499e-05,1343.7175139278547
0,0,OMPPI(Exhaustive),1344.4444444444443,0.7575954837354777,0.7571874009466577,0.000250210326484857,0.7261846161410308,0.7881901857522846,0.06200556961125382,1.0,1.6653156253109696e-07,1343.7175139278547
0,0,Classical,1500.0,0.7575954837354777,0.7464818266542406,0.0002975043722641972,0.7126757503508692,0.780287902957612,0.06761215260674279,1.0,0.00012351337371933213,0.0
0,0,VectorPPI++,1500.0,0.7575954837354777,0.7505635124882567,0.0002714171577005147,0.7182736095070402,0.7828534154694732,0.06457980596243289,1.0,4.944861962174275e-05,1496.48257229665
0,0,MultiPPI,1500.0,0.7575954837354777,0.7549736575763204,0.00025112960601077086,0.7239139724499783,0.7860333427026625,0.062119370252684186,1.0,6.873972408841479e-06,1494.1748430084554
0,0,OMPPI(DAG),1500.0,0.7575954837354777,0.754833968539486,0.0002506986316628123,0.7238009462900006,0.7858669907889715,0.06206604449897086,1.0,7.625966177692853e-06,1499.5230521774308
0,0,OMPPI(Exhaustive),1500.0,0.7575954837354777,0.7566600056841015,0.00025012772445791526,0.7256623387812682,0.7876576725869349,0.06199533380566664,1.0,8.751191846065575e-07,1499.5230521774308
0,1,Classical,100.0,0.7547699094916762,0.7600574712643678,0.00029864889966777717,0.7261864297994324,0.7939285127293033,0.06774208292987093,1.0,2.795830950002984e-05,0.0
0,1,VectorPPI++,100.0,0.7547699094916762,0.7609126034728804,0.00029813506840291895,0.727070712446009,0.7947544944997518,0.06768378205374281,1.0,3.77326893467217e-05,91.408185044298
0,1,MultiPPI,100.0,0.7547699094916762,0.7563587396602771,0.0002962010029168604,0.722626797004192,0.7900906823163623,0.06746388531217039,1.0,2.5243813046563534e-06,99.13952075844796
0,1,OMPPI(DAG),100.0,0.7547699094916762,0.7571390539195049,0.0002964315020526149,0.7233939889722918,0.7908841188667179,0.06749012989442608,1.0,5.612845319911547e-06,99.82769450608527
0,1,OMPPI(Exhaustive),100.0,0.7547699094916762,0.760713701790563,0.00029464496122515486,0.7270704783232516,0.7943569252578744,0.06728644693462273,1.0,3.532866689230546e-05,99.82769450608527
0,1,Classical,255.55555555555554,0.7547699094916762,0.7600574712643678,0.00029864889966777717,0.7261864297994324,0.7939285127293033,0.06774208292987093,1.0,2.795830950002984e-05,0.0
0,1,VectorPPI++,255.55555555555554,0.7547699094916762,0.7594610635938819,0.0002988781996559635,0.725577021680592,0.7933451055071717,0.06776808382657963,1.0,2.2006926810641026e-05,248.1079308345231
0,1,MultiPPI,255.55555555555554,0.7547699094916762,0.7596174304871582,0.0002923683071965267,0.7261044358049233,0.7931304251693931,0.06702598936446988,1.0,2.3498459801639035e-05,253.67063982526713
0,1,OMPPI(DAG),255.55555555555554,0.7547699094916762,0.7502015458886412,0.0003038385808972343,0.7160374800203217,0.7843656117569606,0.06832813173663879,1.0,2.0869946009535206e-05,255.16663605505897
0,1,OMPPI(Exhaustive),255.55555555555554,0.7547699094916762,0.7550798478091204,0.0003026290741584017,0.7209838491241678,0.789175846494073,0.06819199736990518,1.0,9.606176062013652e-08,255.16663605505897
0,1,Classical,411.1111111111111,0.7547699094916762,0.7600574712643678,0.00029864889966777717,0.7261864297994324,0.7939285127293033,0.06774208292987093,1.0,2.795830950002984e-05,0.0
0,1,VectorPPI++,411.1111111111111,0.7547699094916762,0.7537690328143367,0.0003028298294210995,0.7196617268609345,0.7878763387677389,0.06821461190680425,1.0,1.001754123242161e-06,404.80767662474824
0,1,MultiPPI,411.1111111111111,0.7547699094916762,0.7630273928326265,0.0002909083280223684,0.7295981786226738,0.7964566070425793,0.06685842841990551,1.0,6.818603112607227e-05,409.0620803124153
0,1,OMPPI(DAG),411.1111111111111,0.7547699094916762,0.7638596397331042,0.0002910604212189485,0.7304216879051816,0.7972975915610269,0.06687590365584535,1.0,8.262319586193085e-05,410.699198117068
0,1,OMPPI(Exhaustive),411.1111111111111,0.7547699094916762,0.7630711036015414,0.0002913912286992796,0.7296141550592767,0.7965280521438061,0.06691389708452937,1.0,6.890982364966042e-05,410.699198117068
0,1,Classical,566.6666666666666,0.7547699094916762,0.7600574712643678,0.00029864889966777717,0.7261864297994324,0.7939285127293033,0.06774208292987093,1.0,2.795830950002984e-05,0.0
0,1,VectorPPI++,566.6666666666666,0.7547699094916762,0.7587687468866487,0.0003008147903754625,0.7247751058653772,0.7927623879079203,0.06798728204254306,1.0,1.5990700511430707e-05,561.5074224149733
0,1,MultiPPI,566.6666666666666,0.7547699094916762,0.7535220792636886,0.00029131319326598375,0.7200696109563098,0.7869745475710674,0.06690493661475769,1.0,1.5570802778795323e-06,565.1008179365713
0,1,OMPPI(DAG),566.6666666666666,0.7547699094916762,0.7591703777406125,0.000292777979587797,0.7256339117343,0.7927068437469249,0.0670729320126248,1.0,1.9364120809896076e-05,566.3467416674326
0,1,OMPPI(Exhaustive),566.6666666666666,0.7547699094916762,0.7632226498756174,0.00029032475363558504,0.7298269827057693,0.7966183170454655,0.0667913343396961,1.0,7.144881999830993e-05,566.3467416674326
0,1,Classical,722.2222222222222,0.7547699094916762,0.7600574712643678,0.00029864889966777717,0.7261864297994324,0.7939285127293033,0.06774208292987093,1.0,2.795830950002984e-05,0.0
0,1,VectorPPI++,722.2222222222222,0.7547699094916762,0.7543232986599911,0.00030081404331527953,0.7203296998495953,0.788316897470387,0.06798719762079168,1.0,1.9946123497842824e-07,718.2071682051985
0,1,MultiPPI,722.2222222222222,0.7547699094916762,0.7517272485047444,0.0002918402694399428,0.7182445309138167,0.7852099660956721,0.06696543518185537,1.0,9.257785881397066e-06,720.3508072969819
0,1,OMPPI(DAG),722.2222222222222,0.7547699094916762,0.7619825238453564,0.00029108005080416956,0.7285434444816871,0.7954216032090257,0.06687815872733852,1.0,5.202180581491288e-05,721.7901395015799
0,1,OMPPI(Exhaustive),722.2222222222222,0.7547699094916762,0.7617805015401606,0.00029089872784907115,0.7283518389281967,0.7952091641521246,0.06685732522392784,1.0,4.914840087027299e-05,721.7901395015799
0,1,Classical,877.7777777777777,0.7547699094916762,0.7600574712643678,0.00029864889966777717,0.7261864297994324,0.7939285127293033,0.06774208292987093,1.0,2.795830950002984e-05,0.0
0,1,VectorPPI++,877.7777777777777,0.7547699094916762,0.7666527881786859,0.00029824464929423516,0.7328046783532294,0.8005008980041424,0.06769621965091302,1.0,0.00014120280589018834,874.9069139954236
0,1,MultiPPI,877.7777777777777,0.7547699094916762,0.7523921349323772,0.0002927315496740462,0.7188583282055705,0.785925941659184,0.06706761345361337,1.0,5.653811854849531e-06,873.6880595196398
0,1,OMPPI(DAG),877.7777777777777,0.7547699094916762,0.7617883979157334,0.00029087047909791806,0.7283613584475092,0.7952154373839576,0.06685407893644855,1.0,4.9259179758624466e-05,877.4376830519445
0,1,OMPPI(Exhaustive),877.7777777777777,0.7547699094916762,0.764507116206054,0.00028963618935110035,0.7311510748585707,0.7978631575535374,0.06671208269496667,1.0,9.481319459852476e-05,877.4376830519445
0,1,Classical,1033.3333333333333,0.7547699094916762,0.7600574712643678,0.00029864889966777717,0.7261864297994324,0.7939285127293033,0.06774208292987093,1.0,2.795830950002984e-05,0.0
0,1,VectorPPI++,1033.3333333333333,0.7547699094916762,0.7529161903409621,0.00030348877277186406,0.7187717966115941,0.7870605840703302,0.06828878745873622,1.0,3.436274689724144e-06,1026.3833349259746
0,1,MultiPPI,1033.3333333333333,0.7547699094916762,0.7583483976078014,0.000292975801052312,0.7248006037130855,0.7918961915025172,0.06709558778943162,1.0,1.2805577197248968e-05,1028.9768619192298
0,1,OMPPI(DAG),1033.3333333333333,0.7547699094916762,0.7624653072265036,0.00029125341581515265,0.729016271317521,0.7959143431354863,0.06689807181796534,1.0,5.921914629718689e-05,1032.952952332855
0,1,OMPPI(Exhaustive),1033.3333333333333,0.7547699094916762,0.7626612593377547,0.0002898627381822728,0.7292921752571144,0.7960303434183951,0.06673816816128066,1.0,6.227340239320368e-05,1032.952952332855
0,1,Classical,1188.8888888888887,0.7547699094916762,0.7600574712643678,0.00029864889966777717,0.7261864297994324,0.7939285127293033,0.06774208292987093,1.0,2.795830950002984e-05,0.0
0,1,VectorPPI++,1188.8888888888887,0.7547699094916762,0.7606604743357529,0.00030198922963600185,0.7266005390753939,0.7947204095961119,0.06811987052071791,1.0,3.4698754182272174e-05,1183.0830807161997
0,1,MultiPPI,1188.8888888888887,0.7547699094916762,0.7607579216181934,0.00029349545173687675,0.7271803890717387,0.7943354541646482,0.06715506509290962,1.0,3.585628922731738e-05,1184.790466237437
0,1,OMPPI(DAG),1188.8888888888887,0.7547699094916762,0.7630036273647687,0.0002899001867783443,0.7296323878070216,0.7963748669225158,0.06674247911549422,1.0,6.779411001368224e-05,1188.3963501670023
0,1,OMPPI(Exhaustive),1188.8888888888887,0.7547699094916762,0.7577606783109799,0.00029327500411131395,0.7241957583582598,0.7913255982637001,0.06712983990544034,1.0,8.944698130519326e-06,1188.3963501670023
0,1,Classical,1344.4444444444443,0.7547699094916762,0.7600574712643678,0.00029864889966777717,0.7261864297994324,0.7939285127293033,0.06774208292987093,1.0,2.795830950002984e-05,0.0
0,1,VectorPPI++,1344.4444444444443,0.7547699094916762,0.7582783229729193,0.00030155065896294886,0.7242431288533121,0.7923135170925265,0.06807038823921444,1.0,1.2308965155368251e-05,1339.782826506425
0,1,MultiPPI,1344.4444444444443,0.7547699094916762,0.7574756903837331,0.00029462650665253805,0.7238335205251956,0.7911178602422706,0.067284339717075,1.0,7.321250235820038e-06,1340.842799129749
0,1,OMPPI(DAG),1344.4444444444443,0.7547699094916762,0.7596545078867672,0.0002912463403621359,0.7262058782709069,0.7931031375026276,0.06689725923172071,1.0,2.3859301481325896e-05,1344.0438937173667
0,1,OMPPI(Exhaustive),1344.4444444444443,0.7547699094916762,0.760653929106659,0.00029139576447500485,0.7271967201711333,0.7941111380421846,0.06691441787105123,1.0,3.4621686829501746e-05,1344.0438937173667
0,1,Classical,1500.0,0.7547699094916762,0.7600574712643678,0.00029864889966777717,0.7261864297994324,0.7939285127293033,0.06774208292987093,1.0,2.795830950002984e-05,0.0
0,1,VectorPPI++,1500.0,0.7547699094916762,0.7578413466511289,0.000304695105421439,0.723629160220801,0.7920535330814568,0.06842437286065582,1.0,9.433726224466769e-06,1496.48257229665
0,1,MultiPPI,1500.0,0.7547699094916762,0.752116582206689,0.0002956205209652962,0.7184177089637995,0.7858154554495784,0.06739774648577888,1.0,7.0401456812577536e-06,1496.755752488163
0,1,OMPPI(DAG),1500.0,0.7547699094916762,0.762903557577523,0.0002898041531526311,0.7295378458302522,0.7962692693247939,0.06673142349454164,1.0,6.615623118439969e-05,1499.6142310074797
0,1,OMPPI(Exhaustive),1500.0,0.7547699094916762,0.7607217996153759,0.0002906029479171724,0.7273101361189839,0.7941334631117679,0.06682332699278411,1.0,3.542499604459375e-05,1499.6142310074797
0,2,Classical,100.0,0.7484330154702489,0.7181966449207828,0.00033245001109054046,0.682460206548393,0.7539330832931727,0.07147287674477967,1.0,0.0009142381040046174,0.0
0,2,VectorPPI++,100.0,0.7484330154702489,0.7173442730396281,0.00033301184922673616,0.6815776502523463,0.7531108958269099,0.07153324557456366,1.0,0.0009665099059174799,91.408185044298
0,2,MultiPPI,100.0,0.7484330154702489,0.716499458306612,0.0003113219521355272,0.68191723080307,0.751081685810154,0.06916445500708396,1.0,0.0010197520731232645,98.76791525720226
0,2,OMPPI(DAG),100.0,0.7484330154702489,0.7171477292087581,0.00030929863575385815,0.6826780617815067,0.7516173966360096,0.06893933485450285,1.0,0.0009787691364634213,99.77907569391029
0,2,OMPPI(Exhaustive),100.0,0.7484330154702489,0.7245332227324719,0.0003071189136137299,0.6901852292000477,0.7588812162648961,0.06869598706484856,1.0,0.0005712000929086973,99.77907569391029
0,2,Classical,255.55555555555554,0.7484330154702489,0.7181966449207828,0.00033245001109054046,0.682460206548393,0.7539330832931727,0.07147287674477967,1.0,0.0009142381040046174,0.0
0,2,VectorPPI++,255.55555555555554,0.7484330154702489,0.7122680984014146,0.0003300173111874141,0.6766626506294422,0.747873546173387,0.07121089554394468,0.0,0.0013079012265956617,248.1079308345231
0,2,MultiPPI,255.55555555555554,0.7484330154702489,0.7174163462742781,0.0003039604435045047,0.6832454298855934,0.7515872626629627,0.06834183277736931,1.0,0.0009620337680122834,253.69761663887493
0,2,OMPPI(DAG),255.55555555555554,0.7484330154702489,0.722196262409122,0.0003020788980064828,0.6881312708886099,0.7562612539296342,0.06812998304102429,1.0,0.000688367211190548,255.388110020259
0,2,OMPPI(Exhaustive),255.55555555555554,0.7484330154702489,0.7230595109429219,0.0003019569633079268,0.6890013953143489,0.7571176265714948,0.06811623125714597,1.0,0.0006438147319982841,255.388110020259
0,2,Classical,411.1111111111111,0.7484330154702489,0.7181966449207828,0.00033245001109054046,0.682460206548393,0.7539330832931727,0.07147287674477967,1.0,0.0009142381040046174,0.0
0,2,VectorPPI++,411.1111111111111,0.7484330154702489,0.7106506229164598,0.00033054952958816257,0.6750164762855562,0.7462847695473633,0.07126829326180727,0.0,0.0014275091870886198,404.80767662474824
0,2,MultiPPI,411.1111111111111,0.7484330154702489,0.7190843447532371,0.00030140695927429297,0.6850572610944393,0.7531114284120349,0.0680541673175957,1.0,0.0008613444728555829,409.05382654792834
0,2,OMPPI(DAG),411.1111111111111,0.7484330154702489,0.720256997398907,0.0003065643166653141,0.6859400307735767,0.7545739640242374,0.06863393325066072,1.0,0.0007938879943565823,410.77071577711854
0,2,OMPPI(Exhaustive),411.1111111111111,0.7484330154702489,0.7215286579088811,0.0003066265088104288,0.6872082105497853,0.7558491052679769,0.06864089471819163,1.0,0.0007238444557899274,410.77071577711854
0,2,Classical,566.6666666666666,0.7484330154702489,0.7181966449207828,0.00033245001109054046,0.682460206548393,0.7539330832931727,0.07147287674477967,1.0,0.0009142381040046174,0.0
0,2,VectorPPI++,566.6666666666666,0.7484330154702489,0.714301865603313,0.00032549944252086444,0.6789409732983556,0.7496627579082704,0.0707217846099148,1.0,0.0011649353912392374,561.5074224149733
0,2,MultiPPI,566.6666666666666,0.7484330154702489,0.7203068914200327,0.00029929049182926955,0.6863994866271643,0.754214296212901,0.06781480958573667,1.0,0.0007910788540881499,564.7679514310306
0,2,OMPPI(DAG),566.6666666666666,0.7484330154702489,0.7191486664031999,0.00030632176355469877,0.6848452782239285,0.7534520545824712,0.06860677635854283,1.0,0.0008575731002807748,566.4227155428381
0,2,OMPPI(Exhaustive),566.6666666666666,0.7484330154702489,0.7198046278098684,0.000306941545627316,0.6854665540740349,0.754142701545702,0.06867614747166707,1.0,0.0008195845800330236,566.4227155428381
0,2,Classical,722.2222222222222,0.7484330154702489,0.7181966449207828,0.00033245001109054046,0.682460206548393,0.7539330832931727,0.07147287674477967,1.0,0.0009142381040046174,0.0
0,2,VectorPPI++,722.2222222222222,0.7484330154702489,0.7209487627629796,0.000323098397046311,0.6857185316072565,0.7561789939187027,0.07046046231144625,1.0,0.0007553841468770391,718.2071682051985
0,2,MultiPPI,722.2222222222222,0.7484330154702489,0.7205373078220723,0.0002989626666082663,0.6866484782066877,0.7544261374374568,0.067777659230769,1.0,0.0007781705051925393,718.3387548941917
0,2,OMPPI(DAG),722.2222222222222,0.7484330154702489,0.7198766563493774,0.0003019556259831978,0.685818616140179,0.7539346965585757,0.06811608041839669,1.0,0.0008154656462401815,721.8154770379972
0,2,OMPPI(Exhaustive),722.2222222222222,0.7484330154702489,0.7200710254577357,0.00030156706833643285,0.6860349053102827,0.7541071456051888,0.06807224029490606,1.0,0.0008044024774698963,721.8154770379972
0,2,Classical,877.7777777777777,0.7484330154702489,0.7181966449207828,0.00033245001109054046,0.682460206548393,0.7539330832931727,0.07147287674477967,1.0,0.0009142381040046174,0.0
0,2,VectorPPI++,877.7777777777777,0.7484330154702489,0.7176174193861791,0.0003226900400037714,0.6824094586312216,0.7528253801411365,0.070415921509915,1.0,0.0009496009620165385,874.9069139954236
0,2,MultiPPI,877.7777777777777,0.7484330154702489,0.7159604145120908,0.0002992477051928399,0.6820554335109825,0.7498653955131991,0.06780996200221645,1.0,0.0010544698129877684,869.8441562029815
0,2,OMPPI(DAG),877.7777777777777,0.7484330154702489,0.7242028842925772,0.00029946229056612803,0.6902857491311205,0.7581200194540338,0.06783427032291332,1.0,0.0005870992568871781,877.4835362612956
0,2,OMPPI(Exhaustive),877.7777777777777,0.7484330154702489,0.7220452286931298,0.00030044713998052524,0.6880723672294481,0.7560180901568115,0.06794572292736346,1.0,0.0006963152909946996,877.4835362612956
0,2,Classical,1033.3333333333333,0.7484330154702489,0.7181966449207828,0.00033245001109054046,0.682460206548393,0.7539330832931727,0.07147287674477967,1.0,0.0009142381040046174,0.0
0,2,VectorPPI++,1033.3333333333333,0.7484330154702489,0.7172224501189524,0.000322179685502525,0.6820423421782121,0.7524025580596926,0.07036021588148046,1.0,0.0009740993895475505,1026.3833349259746
0,2,MultiPPI,1033.3333333333333,0.7484330154702489,0.7209017101759354,0.00030046097903091564,0.6869280663005325,0.7548753540513383,0.06794728775080587,1.0,0.0007579727712086928,1026.4291832262973
0,2,OMPPI(DAG),1033.3333333333333,0.7484330154702489,0.7225734472624306,0.00029936385481317605,0.6886618869817671,0.756485007543094,0.06782312056132689,1.0,0.0006687172678948079,1032.9837897728837
0,2,OMPPI(Exhaustive),1033.3333333333333,0.7484330154702489,0.7207205356668647,0.0003002051698227573,0.6867613572664144,0.7546797140673149,0.06791835680090057,1.0,0.0007679815368529775,1032.9837897728837
0,2,Classical,1188.8888888888887,0.7484330154702489,0.7181966449207828,0.00033245001109054046,0.682460206548393,0.7539330832931727,0.07147287674477967,1.0,0.0009142381040046174,0.0
0,2,VectorPPI++,1188.8888888888887,0.7484330154702489,0.7136133024668975,0.0003223546306378225,0.6784236443376224,0.7488029605961726,0.07037931625855028,1.0,0.0012124124136357588,1183.0830807161997
0,2,MultiPPI,1188.8888888888887,0.7484330154702489,0.7218822232451337,0.0003009196706848892,0.6878826567291789,0.7558817897610886,0.06799913303190973,1.0,0.0007049445677812345,1182.9332598251353
0,2,OMPPI(DAG),1188.8888888888887,0.7484330154702489,0.7202160992269886,0.0002992104542290534,0.6863132285721002,0.754118969881877,0.0678057413097768,1.0,0.0007961943622791659,1188.4477032799646
0,2,OMPPI(Exhaustive),1188.8888888888887,0.7484330154702489,0.7199442518417842,0.00029959435766025984,0.6860196385372204,0.7538688651463481,0.06784922660912784,1.0,0.0008116096530785299,1188.4477032799646
0,2,Classical,1344.4444444444443,0.7484330154702489,0.7181966449207828,0.00033245001109054046,0.682460206548393,0.7539330832931727,0.07147287674477967,1.0,0.0009142381040046174,0.0
0,2,VectorPPI++,1344.4444444444443,0.7484330154702489,0.7205443356831016,0.00032066511565150924,0.685447016169948,0.7556416551962553,0.0701946390263072,1.0,0.0007777784602700363,1339.782826506425
0,2,MultiPPI,1344.4444444444443,0.7484330154702489,0.7158313088711374,0.00030141431861284976,0.6818038098017254,0.7498588079405495,0.0680549981388242,1.0,0.001062871273174546,1336.5693291876557
0,2,OMPPI(DAG),1344.4444444444443,0.7484330154702489,0.7224834749736757,0.0002969769451850234,0.6887073783131111,0.7562595716342403,0.06755219332112923,1.0,0.0006733786519832907,1344.0385562430108
0,2,OMPPI(Exhaustive),1344.4444444444443,0.7484330154702489,0.7196426101661062,0.00029856063455661934,0.685776574331814,0.7535086460003984,0.06773207166858432,1.0,0.0008288874375768067,1344.0385562430108
0,2,Classical,1500.0,0.7484330154702489,0.7181966449207828,0.00033245001109054046,0.682460206548393,0.7539330832931727,0.07147287674477967,1.0,0.0009142381040046174,0.0
0,2,VectorPPI++,1500.0,0.7484330154702489,0.7169050487533906,0.0003192491787396704,0.6818853032707509,0.7519247942360302,0.07003949096527935,1.0,0.0009940126852993256,1496.48257229665
0,2,MultiPPI,1500.0,0.7484330154702489,0.7192351941202901,0.0003015640195477674,0.6851992460227897,0.7532711422177906,0.06807189619500097,1.0,0.0008525127715841065,1491.9313388047897
0,2,OMPPI(DAG),1500.0,0.7484330154702489,0.7191978404526204,0.0002988188958693467,0.6853171603631154,0.7530785205421253,0.06776136017901002,1.0,0.0008546954583113702,1499.629409206057
0,2,OMPPI(Exhaustive),1500.0,0.7484330154702489,0.7199677892762091,0.0002975764658842717,0.6861576171426319,0.7537779614097863,0.0676203442671544,1.0,0.0008102691022778492,1499.629409206057
0,3,Classical,100.0,0.7439034736961386,0.7582168375271824,0.00029854370874458246,0.7243517616625159,0.7920819133918489,0.0677301517293329,1.0,0.00020487238415983162,0.0
0,3,VectorPPI++,100.0,0.7439034736961386,0.7538655114478741,0.0002978129611848566,0.720041906869701,0.7876891160260471,0.06764720915634596,1.0,9.924219616700192e-05,91.408185044298
0,3,MultiPPI,100.0,0.7439034736961386,0.7561908334727696,0.00028022636315378223,0.7233811087782811,0.7890005581672581,0.0656194493889771,1.0,0.00015097921028036892,99.34609855060322
0,3,OMPPI(DAG),100.0,0.7439034736961386,0.7615005598630912,0.0002741821596422957,0.7290466005416947,0.7939545191844877,0.06490791864279309,1.0,0.00030965744156715265,99.77907569391029
0,3,OMPPI(Exhaustive),100.0,0.7439034736961386,0.7549353912872931,0.00027636316864618963,0.7223526085345742,0.7875181740400121,0.06516556550543802,1.0,0.00012170320573802447,99.77907569391029
0,3,Classical,255.55555555555554,0.7439034736961386,0.7582168375271824,0.00029854370874458246,0.7243517616625159,0.7920819133918489,0.0677301517293329,1.0,0.00020487238415983162,0.0
0,3,VectorPPI++,255.55555555555554,0.7439034736961386,0.7555570633859157,0.000296619997739631,0.7218012711909282,0.7893128555809031,0.06751158438997494,1.0,0.00013580615265767758,248.1079308345231
0,3,MultiPPI,255.55555555555554,0.7439034736961386,0.7621322443573374,0.00027169164627652764,0.7298260178507044,0.7944384708639703,0.06461245301326596,1.0,0.00033228807981858097,254.14152060096805
0,3,OMPPI(DAG),255.55555555555554,0.7439034736961386,0.7573944503938863,0.00026881448071917766,0.725259737728468,0.7895291630593047,0.06426942533083661,1.0,0.00018200645225917091,255.388110020259
0,3,OMPPI(Exhaustive),255.55555555555554,0.7439034736961386,0.7594871257174441,0.0002677574355461023,0.7274156561130588,0.7915585953218295,0.0641429392087707,1.0,0.0002428502103211395,255.388110020259
0,3,Classical,411.1111111111111,0.7439034736961386,0.7582168375271824,0.00029854370874458246,0.7243517616625159,0.7920819133918489,0.0677301517293329,1.0,0.00020487238415983162,0.0
0,3,VectorPPI++,411.1111111111111,0.7439034736961386,0.7556280999198759,0.0002944980481512078,0.7219932649307212,0.7892629349090305,0.06726966997830926,1.0,0.0001374668600863476,404.80767662474824
0,3,MultiPPI,411.1111111111111,0.7439034736961386,0.7587545799273953,0.00026959645277062594,0.7265731618181266,0.7909359980366639,0.06436283621853742,1.0,0.00022055535629206943,409.16812079871
0,3,OMPPI(DAG),411.1111111111111,0.7439034736961386,0.7530818958144163,0.0002732238389569709,0.7206847026306671,0.7854790889981655,0.06479438636749844,1.0,8.424343258128903e-05,410.82492019454577
0,3,OMPPI(Exhaustive),411.1111111111111,0.7439034736961386,0.7547137235958155,0.00027308766371549064,0.7223246048272749,0.787102842364356,0.06477823753708101,1.0,0.00011686150289346285,410.82492019454577
0,3,Classical,566.6666666666666,0.7439034736961386,0.7582168375271824,0.00029854370874458246,0.7243517616625159,0.7920819133918489,0.0677301517293329,1.0,0.00020487238415983162,0.0
0,3,VectorPPI++,566.6666666666666,0.7439034736961386,0.7526276599468789,0.00029179450516823743,0.719147567717188,0.7861077521765697,0.06696018445938162,1.0,7.611142573760486e-05,561.5074224149733
0,3,MultiPPI,566.6666666666666,0.7439034736961386,0.7577775939763748,0.00026860394962011823,0.7256554674661095,0.78989972048664,0.06424425302053044,1.0,0.00019249121355046023,564.30287486749
0,3,OMPPI(DAG),566.6666666666666,0.7439034736961386,0.751972949149933,0.00028149681190993805,0.7190889346275438,0.7848569636723222,0.06576802904477848,1.0,6.511643409938917e-05,566.1211973141533
0,3,OMPPI(Exhaustive),566.6666666666666,0.7439034736961386,0.7519097311376308,0.00028133646877212006,0.719035083465791,0.7847843788094706,0.06574929534367947,1.0,6.410015821944911e-05,566.1211973141533
0,3,Classical,722.2222222222222,0.7439034736961386,0.7582168375271824,0.00029854370874458246,0.7243517616625159,0.7920819133918489,0.0677301517293329,1.0,0.00020487238415983162,0.0
0,3,VectorPPI++,722.2222222222222,0.7439034736961386,0.7564700316681512,0.00029021836304712293,0.7230804840423629,0.7898595792939395,0.06677909525157645,1.0,0.0001579183792639524,718.2071682051985
0,3,MultiPPI,722.2222222222222,0.7439034736961386,0.753162386332521,0.00026817728768116023,0.7210657820374773,0.7852589906275647,0.06419320859008744,1.0,8.572746320816064e-05,720.285709704058
0,3,OMPPI(DAG),722.2222222222222,0.7439034736961386,0.7528178312685765,0.0002805283318084926,0.7199904336458538,0.7856452288912992,0.06565479524544547,1.0,7.94657709292802e-05,721.7746054450027
0,3,OMPPI(Exhaustive),722.2222222222222,0.7439034736961386,0.7541101795523052,0.00027962890861861706,0.7213354493850855,0.7868849097195248,0.06554946033443931,1.0,0.00010417684443430484,721.7746054450027
0,3,Classical,877.7777777777777,0.7439034736961386,0.7582168375271824,0.00029854370874458246,0.7243517616625159,0.7920819133918489,0.0677301517293329,1.0,0.00020487238415983162,0.0
0,3,VectorPPI++,877.7777777777777,0.7439034736961386,0.7521661804331031,0.0002913917344684283,0.7187092028551583,0.785623158011048,0.0669139551558897,1.0,6.82723226210785e-05,874.9069139954236
0,3,MultiPPI,877.7777777777777,0.7439034736961386,0.7527509070427149,0.00026796930230859814,0.7206667514510741,0.7848350626343557,0.06416831118328159,1.0,7.827707682210903e-05,874.8580451082905
0,3,OMPPI(DAG),877.7777777777777,0.7439034736961386,0.7543142233164011,0.00028041251147377556,0.7214936030353349,0.7871348435974672,0.0656412405621322,1.0,0.00010838370765579473,877.0617820067204
0,3,OMPPI(Exhaustive),877.7777777777777,0.7439034736961386,0.7537693547571805,0.0002795307589332554,0.7210003770563203,0.7865383324580408,0.06553795540172053,1.0,9.733560911062553e-05,877.0617820067204
0,3,Classical,1033.3333333333333,0.7439034736961386,0.7582168375271824,0.00029854370874458246,0.7243517616625159,0.7920819133918489,0.0677301517293329,1.0,0.00020487238415983162,0.0
0,3,VectorPPI++,1033.3333333333333,0.7439034736961386,0.7621884960243785,0.0002870449725275258,0.7289819990448451,0.795394993003912,0.06641299395906698,1.0,0.0003343420415442324,1026.3833349259746
0,3,MultiPPI,1033.3333333333333,0.7439034736961386,0.7523551738933609,0.00026732791505327006,0.7203094381817385,0.7844009096049833,0.0640914714232449,1.0,7.143123622372747e-05,1030.4535228879174
0,3,OMPPI(DAG),1033.3333333333333,0.7439034736961386,0.7541121806605722,0.000279790064080416,0.7213280075033262,0.7868963538178182,0.06556834631449199,1.0,0.00010421769788567397,1032.7151901375698
0,3,OMPPI(Exhaustive),1033.3333333333333,0.7439034736961386,0.7549315800134783,0.0002794302672568462,0.7221684930874462,0.7876946669395103,0.06552617385206398,1.0,0.0001216191289465464,1032.7151901375698
0,3,Classical,1188.8888888888887,0.7439034736961386,0.7582168375271824,0.00029854370874458246,0.7243517616625159,0.7920819133918489,0.0677301517293329,1.0,0.00020487238415983162,0.0
0,3,VectorPPI++,1188.8888888888887,0.7439034736961386,0.7468628624724729,0.0002884060242449183,0.7135777326728617,0.7801479922720841,0.06657025959922239,1.0,8.757981929493319e-06,1183.0830807161997
0,3,MultiPPI,1188.8888888888887,0.7439034736961386,0.7538374768376409,0.00026727179008502,0.7217951052720902,0.7858798484031916,0.0640847431311013,1.0,9.868441841537714e-05,1186.5817538387662
0,3,OMPPI(DAG),1188.8888888888887,0.7439034736961386,0.755732602570266,0.00026493099024517294,0.723830855136112,0.78763435000442,0.06380349486830791,1.0,0.00013992828992071335,1188.4436390576495
0,3,OMPPI(Exhaustive),1188.8888888888887,0.7439034736961386,0.755723832318872,0.0002651102709586261,0.7238112926388242,0.7876363719989198,0.06382507936009554,1.0,0.00013972087797002643,1188.4436390576495
0,3,Classical,1344.4444444444443,0.7439034736961386,0.7582168375271824,0.00029854370874458246,0.7243517616625159,0.7920819133918489,0.0677301517293329,1.0,0.00020487238415983162,0.0
0,3,VectorPPI++,1344.4444444444443,0.7439034736961386,0.7511180336878951,0.0002882782351548974,0.7178402788169619,0.7843957885588283,0.06655550974186632,1.0,5.204987587465303e-05,1339.782826506425
0,3,MultiPPI,1344.4444444444443,0.7439034736961386,0.7559940136574461,0.0002670202588929783,0.7239667232814486,0.7880213040334436,0.06405458075199495,1.0,0.0001461811565559733,1338.3653773470223
0,3,OMPPI(DAG),1344.4444444444443,0.7439034736961386,0.7580790659822082,0.00025949347433669613,0.7265063959034317,0.7896517360609847,0.06314534015755291,1.0,0.00020094741666087514,1343.21651199892
0,3,OMPPI(Exhaustive),1344.4444444444443,0.7439034736961386,0.7538054540663424,0.0002603047398627196,0.7221834690082514,0.7854274391244334,0.0632439701161821,1.0,9.804921525190007e-05,1343.21651199892
0,3,Classical,1500.0,0.7439034736961386,0.7582168375271824,0.00029854370874458246,0.7243517616625159,0.7920819133918489,0.0677301517293329,1.0,0.00020487238415983162,0.0
0,3,VectorPPI++,1500.0,0.7439034736961386,0.753439148013531,0.0002872433092644372,0.7202211808261902,0.7866571152008717,0.06643593437468139,1.0,9.092908468737565e-05,1496.48257229665
0,3,MultiPPI,1500.0,0.7439034736961386,0.7524415850351669,0.00026746488535987897,0.7203876407678594,0.7844955293024743,0.06410788853461484,1.0,7.289934523764303e-05,1495.6479146505553
0,3,OMPPI(DAG),1500.0,0.7439034736961386,0.7573112890518348,0.00025865905537936034,0.7257894218825275,0.788833156221142,0.06304373433861463,1.0,0.00017976951261244092,1498.8670040692648
0,3,OMPPI(Exhaustive),1500.0,0.7439034736961386,0.7561181483061095,0.0002595649286404798,0.7245411315903268,0.7876951650218921,0.06315403343156516,1.0,0.0001491982758274661,1498.8670040692648
0,4,Classical,100.0,0.7367513758761426,0.714888164026095,0.0003268562218405693,0.6794536509563742,0.7503226770958158,0.0708690261394415,1.0,0.000478000032400061,0.0
0,4,VectorPPI++,100.0,0.7367513758761426,0.7149184867550956,0.0003282274239694317,0.6794097253996064,0.7504272481105848,0.07101752271097843,1.0,0.0004766750473719312,91.408185044298
0,4,MultiPPI,100.0,0.7367513758761426,0.7210936562517001,0.0003242172736862903,0.6858024773846857,0.7563848351187145,0.07058235773402873,1.0,0.00024516418383765216,98.92094154199185
0,4,OMPPI(DAG),100.0,0.7367513758761426,0.7197451703219855,0.0003175198694407589,0.6848204011286343,0.7546699395153367,0.06984953838670233,1.0,0.00028921102735024397,99.79517331127062
0,4,OMPPI(Exhaustive),100.0,0.7367513758761426,0.7211666345100769,0.0003171116091554182,0.6862643253008771,0.7560689437192767,0.06980461841839948,1.0,0.0002428841634471591,99.79517331127062
0,4,Classical,255.55555555555554,0.7367513758761426,0.714888164026095,0.0003268562218405693,0.6794536509563742,0.7503226770958158,0.0708690261394415,1.0,0.000478000032400061,0.0
0,4,VectorPPI++,255.55555555555554,0.7367513758761426,0.7134134687852294,0.00032984991135377007,0.6778170525123078,0.7490098850581509,0.07119283254584313,1.0,0.0005446579073840972,248.1079308345231
0,4,MultiPPI,255.55555555555554,0.7367513758761426,0.7150860507990485,0.00032238263870102254,0.6798948639609111,0.7502772376371859,0.07038237367627467,1.0,0.00046938631069616104,254.2031493324365
0,4,OMPPI(DAG),255.55555555555554,0.7367513758761426,0.717898801847775,0.00033594012019810246,0.6819752700342123,0.7538223336613377,0.07184706362712523,1.0,0.00035541954749508046,255.1101912341109
0,4,OMPPI(Exhaustive),255.55555555555554,0.7367513758761426,0.71907786163686,0.00033571530108255244,0.683166352275855,0.7549893709978651,0.07182301872201015,1.0,0.0003123531055661227,255.1101912341109
0,4,Classical,411.1111111111111,0.7367513758761426,0.714888164026095,0.0003268562218405693,0.6794536509563742,0.7503226770958158,0.0708690261394415,1.0,0.000478000032400061,0.0
0,4,VectorPPI++,411.1111111111111,0.7367513758761426,0.7190798276991066,0.00032803431454469465,0.6835815134983158,0.7545781418998975,0.07099662840158168,1.0,0.0003122836149733036,404.80767662474824
0,4,MultiPPI,411.1111111111111,0.7367513758761426,0.7136369456734304,0.0003220689716638596,0.6784628828988515,0.7488110084480093,0.07034812554915787,1.0,0.0005342768835960539,408.8912661328641
0,4,OMPPI(DAG),411.1111111111111,0.7367513758761426,0.7138020995855172,0.00032719768119885697,0.6783490825269929,0.7492551166440415,0.07090603411704856,1.0,0.00052666928226346,410.7772026327844
0,4,OMPPI(Exhaustive),411.1111111111111,0.7367513758761426,0.7215779385498647,0.00032478188755322125,0.6862560438279928,0.7568998332717367,0.07064378944374401,1.0,0.00023023320029448192,410.7772026327844
0,4,Classical,566.6666666666666,0.7367513758761426,0.714888164026095,0.0003268562218405693,0.6794536509563742,0.7503226770958158,0.0708690261394415,1.0,0.000478000032400061,0.0
0,4,VectorPPI++,566.6666666666666,0.7367513758761426,0.7131602942976905,0.0003276573006526526,0.6776823852871955,0.7486382033081854,0.07095581802098991,1.0,0.0005565391300411835,561.5074224149733
0,4,MultiPPI,566.6666666666666,0.7367513758761426,0.7201158646868362,0.00032086592630535635,0.6850075573669738,0.7552241720066986,0.07021661463972476,1.0,0.0002767402325295383,562.1689716043593
0,4,OMPPI(DAG),566.6666666666666,0.7367513758761426,0.7234058475696328,0.0003226780655192511,0.6881985400748322,0.7586131550644334,0.07041461498960125,1.0,0.00017810312577985467,566.2158205474016
0,4,OMPPI(Exhaustive),566.6666666666666,0.7367513758761426,0.7182673231496559,0.00032474177864468483,0.6829476095321515,0.7535870367671603,0.07063942723500874,1.0,0.0003416602051955396,566.2158205474016
0,4,Classical,722.2222222222222,0.7367513758761426,0.714888164026095,0.0003268562218405693,0.6794536509563742,0.7503226770958158,0.0708690261394415,1.0,0.000478000032400061,0.0
0,4,VectorPPI++,722.2222222222222,0.7367513758761426,0.7212529704600448,0.00032588434209732293,0.6858711773953079,0.7566347635247817,0.07076358612947377,1.0,0.0002402005704417301,718.2071682051985
0,4,MultiPPI,722.2222222222222,0.7367513758761426,0.7150843613425116,0.0003228142728114787,0.6798696238631889,0.7502990988218343,0.07042947495864539,1.0,0.0004694595188005751,717.0219669315509
0,4,OMPPI(DAG),722.2222222222222,0.7367513758761426,0.7222167615793207,0.00032382993600886317,0.6869466699422685,0.7574868532163729,0.07054018327410445,1.0,0.00021125501275737963,721.6869143445172
0,4,OMPPI(Exhaustive),722.2222222222222,0.7367513758761426,0.7173539821348216,0.0003255530359823577,0.6819901788654025,0.7527177854042407,0.07072760653883828,1.0,0.0003762588839558387,721.6869143445172
0,4,Classical,877.7777777777777,0.7367513758761426,0.714888164026095,0.0003268562218405693,0.6794536509563742,0.7503226770958158,0.0708690261394415,1.0,0.000478000032400061,0.0
0,4,VectorPPI++,877.7777777777777,0.7367513758761426,0.7129893771623131,0.0003275982947760147,0.6775146627996622,0.7484640915249641,0.07094942872530197,1.0,0.0005646325828760323,874.9069139954236
0,4,MultiPPI,877.7777777777777,0.7367513758761426,0.7153316480013182,0.00032312840812579716,0.6800997806989498,0.7505635153036866,0.07046373460473677,1.0,0.0004588047422315285,875.3123223760689
0,4,OMPPI(DAG),877.7777777777777,0.7367513758761426,0.7186210679562479,0.00032469724777931365,0.6833037760649243,0.7539383598475715,0.07063458378264716,1.0,0.0003287080652701955,877.3278198399058
0,4,OMPPI(Exhaustive),877.7777777777777,0.7367513758761426,0.7196518619569056,0.000325437675677436,0.6842943248563483,0.7550093990574628,0.07071507420111445,1.0,0.0002923933762741809,877.3278198399058
0,4,Classical,1033.3333333333333,0.7367513758761426,0.714888164026095,0.0003268562218405693,0.6794536509563742,0.7503226770958158,0.0708690261394415,1.0,0.000478000032400061,0.0
0,4,VectorPPI++,1033.3333333333333,0.7367513758761426,0.7168227316222359,0.000330032748986451,0.6812164510707386,0.7524290121737331,0.07121256110299452,1.0,0.0003971508617987695,1026.3833349259746
0,4,MultiPPI,1033.3333333333333,0.7367513758761426,0.7206015776589078,0.00032419237666786633,0.6853117538430743,0.7558914014747412,0.07057964763166694,1.0,0.0002608159824574014,1030.3908289345632
0,4,OMPPI(DAG),1033.3333333333333,0.7367513758761426,0.7192371555543636,0.00032468363093028223,0.6839206042225571,0.7545537068861702,0.07063310266361315,1.0,0.00030674791347981513,1033.0030593532385
0,4,OMPPI(Exhaustive),1033.3333333333333,0.7367513758761426,0.7171962017577184,0.0003243418326951739,0.6818982443929221,0.7524941591225146,0.07059591472959251,1.0,0.0003824048348018886,1033.0030593532385
0,4,Classical,1188.8888888888887,0.7367513758761426,0.714888164026095,0.0003268562218405693,0.6794536509563742,0.7503226770958158,0.0708690261394415,1.0,0.000478000032400061,0.0
0,4,VectorPPI++,1188.8888888888887,0.7367513758761426,0.7081515039592746,0.00033164481330005043,0.6724583688575645,0.7438446390609847,0.07138627020342035,1.0,0.0008179526736612531,1183.0830807161997
0,4,MultiPPI,1188.8888888888887,0.7367513758761426,0.7178018848004729,0.0003243801505583403,0.6825018424404357,0.7531019271605102,0.07060008472007451,1.0,0.00035908321202688477,1185.7667190663537
0,4,OMPPI(DAG),1188.8888888888887,0.7367513758761426,0.7204975783906977,0.0003238114753182995,0.685228492095424,0.7557666646859714,0.0705381725905473,1.0,0.0002641859326978538,1188.2375315516385
0,4,OMPPI(Exhaustive),1188.8888888888887,0.7367513758761426,0.719135815693624,0.00032361393244499507,0.6838774890842918,0.7543941423029561,0.07051665321866428,1.0,0.0003103079605439362,1188.2375315516385
0,4,Classical,1344.4444444444443,0.7367513758761426,0.714888164026095,0.0003268562218405693,0.6794536509563742,0.7503226770958158,0.0708690261394415,1.0,0.000478000032400061,0.0
0,4,VectorPPI++,1344.4444444444443,0.7367513758761426,0.719343974192065,0.00032817618838713067,0.6838379843646919,0.754849964019438,0.07101197965474615,1.0,0.0003030176333908283,1339.782826506425
0,4,MultiPPI,1344.4444444444443,0.7367513758761426,0.7234594366279351,0.0003245807960873296,0.6881484785248534,0.7587703947310168,0.07062191620616347,1.0,0.00017667564897803857,1341.106393213315
0,4,OMPPI(DAG),1344.4444444444443,0.7367513758761426,0.7227895689550855,0.0003220610086845803,0.6876159410129322,0.7579631968972388,0.07034725588430663,1.0,0.00019493205250087752,1344.0283913786354
0,4,OMPPI(Exhaustive),1344.4444444444443,0.7367513758761426,0.7218085476628578,0.0003234106358050519,0.6865612975627492,0.7570557977629665,0.07049450020021737,1.0,0.00022328811501173848,1344.0283913786354
0,4,Classical,1500.0,0.7367513758761426,0.714888164026095,0.0003268562218405693,0.6794536509563742,0.7503226770958158,0.0708690261394415,1.0,0.000478000032400061,0.0
0,4,VectorPPI++,1500.0,0.7367513758761426,0.7221901609278261,0.00033019999392204524,0.6865748597323429,0.7578054621233092,0.07123060239096642,1.0,0.00021202898077107664,1496.48257229665
0,4,MultiPPI,1500.0,0.7367513758761426,0.7184063232969244,0.00032483761851664737,0.6830813981739458,0.7537312484199031,0.07064985024595731,1.0,0.00033654095413427834,1495.1573929289975
0,4,OMPPI(DAG),1500.0,0.7367513758761426,0.7228444552266543,0.0003225046131868121,0.6876466116699671,0.7580422987833415,0.07039568711337439,1.0,0.0001934024419511637,1499.7036308919683
0,4,OMPPI(Exhaustive),1500.0,0.7367513758761426,0.7193056060539473,0.00032451599230297757,0.6839981731100391,0.7546130389978556,0.07061486588781657,1.0,0.0003043548846890187,1499.7036308919683
0,5,Classical,100.0,0.7465390256597997,0.729954954954955,0.0003281766065833882,0.6944489425048752,0.7654609674050348,0.0710120249001596,1.0,0.0002750314011432878,0.0
0,5,VectorPPI++,100.0,0.7465390256597997,0.7306801663692457,0.0003298703168525837,0.6950826490631397,0.7662776836753518,0.07119503461221222,1.0,0.0002515034179975901,91.408185044298
0,5,MultiPPI,100.0,0.7465390256597997,0.7295617245875164,0.0003263705975299449,0.6941535445905636,0.7649699045844693,0.0708163599939059,1.0,0.00028822875169894947,99.18441453981545
0,5,OMPPI(DAG),100.0,0.7465390256597997,0.7343362982024451,0.0003179714965160249,0.6993867000642576,0.7692858963406325,0.06989919627637489,1.0,0.00014890655739847642,99.79517331127062
0,5,OMPPI(Exhaustive),100.0,0.7465390256597997,0.7363186375569618,0.0003168499516412048,0.7014307307471714,0.7712065443667522,0.06977581361958063,1.0,0.00010445633297262995,99.79517331127062
0,5,Classical,255.55555555555554,0.7465390256597997,0.729954954954955,0.0003281766065833882,0.6944489425048752,0.7654609674050348,0.0710120249001596,1.0,0.0002750314011432878,0.0
0,5,VectorPPI++,255.55555555555554,0.7465390256597997,0.7358063120105779,0.0003291417703938419,0.7002481264953087,0.7713644975258471,0.07111637103053851,1.0,0.00011519114227619177,248.1079308345231
0,5,MultiPPI,255.55555555555554,0.7465390256597997,0.7337345785004781,0.00032180371435083186,0.6985750034600267,0.7688941535409295,0.07031915008090286,1.0,0.0001639538670558592,254.83111635009715
0,5,OMPPI(DAG),255.55555555555554,0.7465390256597997,0.7313309976905775,0.00032150752575683413,0.696187606836277,0.766474388544878,0.07028678170860106,1.0,0.0002312841147126435,255.03966627451848
0,5,OMPPI(Exhaustive),255.55555555555554,0.7465390256597997,0.7248404050794467,0.00032432574792420584,0.6895433229742406,0.7601374871846528,0.07059416421041219,1.0,0.00047083013509011833,255.03966627451848
0,5,Classical,411.1111111111111,0.7465390256597997,0.729954954954955,0.0003281766065833882,0.6944489425048752,0.7654609674050348,0.0710120249001596,1.0,0.0002750314011432878,0.0
0,5,VectorPPI++,411.1111111111111,0.7465390256597997,0.7296507631174457,0.0003373781388944573,0.6936504266250533,0.7656510996098381,0.07200067298478481,1.0,0.0002852134116994766,404.80767662474824
0,5,MultiPPI,411.1111111111111,0.7465390256597997,0.7347260031715743,0.0003218622599554076,0.6995632299937624,0.7698887763493862,0.07032554635562374,1.0,0.00013954750030731796,408.4091203429493
0,5,OMPPI(DAG),411.1111111111111,0.7465390256597997,0.7302409300019528,0.0003201777403960356,0.6951702926391351,0.7653115673647705,0.07014127472563539,1.0,0.000265627922072328,410.754148008597
0,5,OMPPI(Exhaustive),411.1111111111111,0.7465390256597997,0.7279367911616059,0.00032163645348959097,0.6927863545880104,0.7630872277352014,0.07030087314719113,1.0,0.00034604312832579,410.754148008597
0,5,Classical,566.6666666666666,0.7465390256597997,0.729954954954955,0.0003281766065833882,0.6944489425048752,0.7654609674050348,0.0710120249001596,1.0,0.0002750314011432878,0.0
0,5,VectorPPI++,566.6666666666666,0.7465390256597997,0.7336946436904239,0.000337131454051334,0.6977074710048832,0.7696818163759647,0.07197434537108158,1.0,0.0001649781481752252,561.5074224149733
0,5,MultiPPI,566.6666666666666,0.7465390256597997,0.7334495521051536,0.00032253029321402225,0.6982503072296159,0.7686487969806913,0.07039848975107543,1.0,0.00017133431793777882,563.9209420229648
0,5,OMPPI(DAG),566.6666666666666,0.7465390256597997,0.7331204607063679,0.000317813288773742,0.698179558292525,0.7680613631202109,0.06988180482768602,1.0,0.00018005788540946668,566.1935940905478
0,5,OMPPI(Exhaustive),566.6666666666666,0.7465390256597997,0.734821048883295,0.0003172118742969715,0.699913222360479,0.769728875406111,0.06981565304563202,1.0,0.0001373109797347025,566.1935940905478
0,5,Classical,722.2222222222222,0.7465390256597997,0.729954954954955,0.0003281766065833882,0.6944489425048752,0.7654609674050348,0.0710120249001596,1.0,0.0002750314011432878,0.0
0,5,VectorPPI++,722.2222222222222,0.7465390256597997,0.7246526702870764,0.00034369914586658383,0.6883166535054556,0.7609886870686972,0.07267203356324152,1.0,0.000479012551501135,718.2071682051985
0,5,MultiPPI,722.2222222222222,0.7465390256597997,0.7314830755656212,0.0003253077777700978,0.6961325956204303,0.7668335555108121,0.07070095989038187,1.0,0.00022668163323839307,717.8018485873549
0,5,OMPPI(DAG),722.2222222222222,0.7465390256597997,0.7313100732891422,0.00031818641434726367,0.6963486658801243,0.7662714806981601,0.0699228148180358,1.0,0.00023192099030775368,721.6655160549969
0,5,OMPPI(Exhaustive),722.2222222222222,0.7465390256597997,0.7308473559671252,0.000318301420961749,0.6958796308310374,0.7658150811032131,0.06993545027217554,1.0,0.00024622849774399747,721.6655160549969
0,5,Classical,877.7777777777777,0.7465390256597997,0.729954954954955,0.0003281766065833882,0.6944489425048752,0.7654609674050348,0.0710120249001596,1.0,0.0002750314011432878,0.0
0,5,VectorPPI++,877.7777777777777,0.7465390256597997,0.7219296692565824,0.00034317346419536943,0.68562145075083,0.7582378877623348,0.0726164370115048,1.0,0.0006056204225805705,874.9069139954236
0,5,MultiPPI,877.7777777777777,0.7465390256597997,0.7229112961228017,0.0003285822889070366,0.6873833447035909,0.7584392475420125,0.07105590283842156,1.0,0.0005582696030735271,873.6736170639931
0,5,OMPPI(DAG),877.7777777777777,0.7465390256597997,0.7297978865846033,0.0003189539576343318,0.6947943368510447,0.7648014363181619,0.07000709946711703,1.0,0.00028026573753506663,877.4572040493276
0,5,OMPPI(Exhaustive),877.7777777777777,0.7465390256597997,0.732900818135569,0.0003163401225944698,0.6980409909088028,0.7677606453623351,0.06971965445353231,1.0,0.00018600070447398365,877.4572040493276
0,5,Classical,1033.3333333333333,0.7465390256597997,0.729954954954955,0.0003281766065833882,0.6944489425048752,0.7654609674050348,0.0710120249001596,1.0,0.0002750314011432878,0.0
0,5,VectorPPI++,1033.3333333333333,0.7465390256597997,0.7242718921023701,0.00034655640680328836,0.6877851525140957,0.7607586316906445,0.0729734791765489,1.0,0.0004958252368644073,1026.3833349259746
0,5,MultiPPI,1033.3333333333333,0.7465390256597997,0.7288850832332182,0.00033017677845343627,0.6932710340674982,0.7644991323989382,0.07122809833144003,1.0,0.00031166168320105326,1030.5163291950257
0,5,OMPPI(DAG),1033.3333333333333,0.7465390256597997,0.7316262774908014,0.000316769315334545,0.6967428103391962,0.7665097446424067,0.06976693430321063,1.0,0.00022239005795196022,1033.0560654697417
0,5,OMPPI(Exhaustive),1033.3333333333333,0.7465390256597997,0.7296705486213138,0.0003177810489968193,0.6947314184987955,0.764609678743832,0.06987826024503653,1.0,0.000284545517597927,1033.0560654697417
0,5,Classical,1188.8888888888887,0.7465390256597997,0.729954954954955,0.0003281766065833882,0.6944489425048752,0.7654609674050348,0.0710120249001596,1.0,0.0002750314011432878,0.0
0,5,VectorPPI++,1188.8888888888887,0.7465390256597997,0.7305743956577068,0.00034433053618510543,0.6942050187663905,0.766943772549023,0.07273875378263257,1.0,0.0002548694111037253,1183.0830807161997
0,5,MultiPPI,1188.8888888888887,0.7465390256597997,0.7257271876543142,0.0003316239516756813,0.6900351751820819,0.7614192001265465,0.07138402494446466,1.0,0.0004331326011665695,1184.8963861282716
0,5,OMPPI(DAG),1188.8888888888887,0.7465390256597997,0.7290313888740089,0.0003174825669700993,0.6941086712348574,0.7639541065131603,0.06984543527830295,1.0,0.0003065173458231757,1188.2913658354753
0,5,OMPPI(Exhaustive),1188.8888888888887,0.7465390256597997,0.7333653940686053,0.00031501975590668836,0.6985783933352759,0.7681523948019348,0.06957400146665874,1.0,0.00017354456930051336,1188.2913658354753
0,5,Classical,1344.4444444444443,0.7465390256597997,0.729954954954955,0.0003281766065833882,0.6944489425048752,0.7654609674050348,0.0710120249001596,1.0,0.0002750314011432878,0.0
0,5,VectorPPI++,1344.4444444444443,0.7465390256597997,0.7204468228704889,0.0003508108060960368,0.6837368069964466,0.7571568387445312,0.07342003174808458,1.0,0.0006808030463985178,1339.782826506425
0,5,MultiPPI,1344.4444444444443,0.7465390256597997,0.7332908196575838,0.0003325235752392604,0.6975504276453016,0.769031211669866,0.07148078402456434,1.0,0.00017551496227714885,1338.0801625394135
0,5,OMPPI(DAG),1344.4444444444443,0.7465390256597997,0.7313109220209754,0.00031689179326059266,0.696420711726016,0.7662011323159347,0.06978042058991857,1.0,0.0002318951404347745,1344.0830538298062
0,5,OMPPI(Exhaustive),1344.4444444444443,0.7465390256597997,0.7326941203659867,0.00031568666283645453,0.6978703165024138,0.7675179242295596,0.06964760772714568,1.0,0.00019168140259465103,1344.0830538298062
0,5,Classical,1500.0,0.7465390256597997,0.729954954954955,0.0003281766065833882,0.6944489425048752,0.7654609674050348,0.0710120249001596,1.0,0.0002750314011432878,0.0
0,5,VectorPPI++,1500.0,0.7465390256597997,0.7274671676345413,0.00034874439367510923,0.690865429598611,0.7640689056704717,0.07320347607186076,1.0,0.00036373576853561125,1496.48257229665
0,5,MultiPPI,1500.0,0.7465390256597997,0.7341521195759894,0.00033355157049084116,0.6983565245590264,0.7699477145929523,0.07159119003392582,1.0,0.00015343544232913718,1493.4910852295889
0,5,OMPPI(DAG),1500.0,0.7465390256597997,0.7304275735166067,0.0003171391614397311,0.6955237480944528,0.7653313989387606,0.06980765084430769,1.0,0.0002595788901623978,1499.6819152502203
0,5,OMPPI(Exhaustive),1500.0,0.7465390256597997,0.7311536110951691,0.00031663556487324996,0.6962775091967658,0.7660297129935724,0.06975220379680667,1.0,0.0002367109813255476,1499.6819152502203
0,6,Classical,100.0,0.7494958848228517,0.7416589002795899,0.0003107361058069863,0.7071092265537732,0.7762085740054067,0.06909934745163346,1.0,6.141832673132375e-05,0.0
0,6,VectorPPI++,100.0,0.7494958848228517,0.7462013291143528,0.00030689451296303294,0.7118658862914552,0.7805367719372504,0.0686708856457952,1.0,1.0854097316402708e-05,91.408185044298
0,6,MultiPPI,100.0,0.7494958848228517,0.7453779827287368,0.0002885713474411007,0.7120833142662456,0.778672651191228,0.06658933692498238,1.0,1.6957117656715788e-05,99.33934733663109
0,6,OMPPI(DAG),100.0,0.7494958848228517,0.7365344362200398,0.0002939682474688923,0.7029298693095234,0.7701390031305562,0.06720913382103269,1.0,0.0001679991498833345,99.73045688173531
0,6,OMPPI(Exhaustive),100.0,0.7494958848228517,0.7433969586675327,0.0002917755867864577,0.7099179517897288,0.7768759655453367,0.06695801375560784,1.0,3.7196900248033334e-05,99.73045688173531
0,6,Classical,255.55555555555554,0.7494958848228517,0.7416589002795899,0.0003107361058069863,0.7071092265537732,0.7762085740054067,0.06909934745163346,1.0,6.141832673132375e-05,0.0
0,6,VectorPPI++,255.55555555555554,0.7494958848228517,0.7399094631026994,0.00030894441584990623,0.7054595392802755,0.7743593869251234,0.068899847644848,1.0,9.189948139660638e-05,248.1079308345231
0,6,MultiPPI,255.55555555555554,0.7494958848228517,0.7447612010868083,0.0002785493039689159,0.7120498012278967,0.7774726009457199,0.06542279971782318,1.0,2.241723008035346e-05,254.57221793044275
0,6,OMPPI(DAG),255.55555555555554,0.7494958848228517,0.7422112562371286,0.00027987674825322314,0.709422004899464,0.7750005075747931,0.065578502675329,1.0,5.306581363193408e-05,255.11294009907266
0,6,OMPPI(Exhaustive),255.55555555555554,0.7494958848228517,0.7446146552072159,0.00027908025854226937,0.7118720939014964,0.7773572165129354,0.06548512261143893,1.0,2.3826402560559545e-05,255.11294009907266
0,6,Classical,411.1111111111111,0.7494958848228517,0.7416589002795899,0.0003107361058069863,0.7071092265537732,0.7762085740054067,0.06909934745163346,1.0,6.141832673132375e-05,0.0
0,6,VectorPPI++,411.1111111111111,0.7494958848228517,0.7468984228700786,0.00030284130249560776,0.7127904708245182,0.781006374915639,0.06821590409112087,1.0,6.746808596103876e-06,404.80767662474824
0,6,MultiPPI,411.1111111111111,0.7494958848228517,0.7377116331777881,0.00027514062582452935,0.705200998240818,0.7702222681147581,0.06502126987394018,1.0,0.00013886858683418373,409.7309728199799
0,6,OMPPI(DAG),411.1111111111111,0.7494958848228517,0.7415393080062405,0.000275925845937456,0.708982315289868,0.7740963007226129,0.0651139854327449,1.0,6.330711463863507e-05,410.717305852705
0,6,OMPPI(Exhaustive),411.1111111111111,0.7494958848228517,0.7454480837215193,0.00027514708458290134,0.7129370672031257,0.7779591002399129,0.06502203303678712,1.0,1.6384693755947825e-05,410.717305852705
0,6,Classical,566.6666666666666,0.7494958848228517,0.7416589002795899,0.0003107361058069863,0.7071092265537732,0.7762085740054067,0.06909934745163346,1.0,6.141832673132375e-05,0.0
0,6,VectorPPI++,566.6666666666666,0.7494958848228517,0.7445161215788074,0.00030356231291037123,0.7103675912362019,0.778664651921413,0.06829706068521121,1.0,2.4798041966734164e-05,561.5074224149733
0,6,MultiPPI,566.6666666666666,0.7494958848228517,0.7463062329676813,0.00027273185412935683,0.7139382211855301,0.7786742447498325,0.06473602356430247,1.0,1.017387895719194e-05,564.8525455041237
0,6,OMPPI(DAG),566.6666666666666,0.7494958848228517,0.7430950851231886,0.00027289916272851594,0.7107171467109996,0.7754730235353775,0.06475587682437785,1.0,4.097023679520746e-05,566.3625378620825
0,6,OMPPI(Exhaustive),566.6666666666666,0.7494958848228517,0.74531125608343,0.0002729026092527663,0.7129331132166057,0.7776893989502542,0.06475628573364847,1.0,1.7511117686794164e-05,566.3625378620825
0,6,Classical,722.2222222222222,0.7494958848228517,0.7416589002795899,0.0003107361058069863,0.7071092265537732,0.7762085740054067,0.06909934745163346,1.0,6.141832673132375e-05,0.0
0,6,VectorPPI++,722.2222222222222,0.7494958848228517,0.7452526856053964,0.0003015092684164194,0.7112198273845639,0.7792855438262288,0.06806571644166502,1.0,1.800473959901333e-05,718.2071682051985
0,6,MultiPPI,722.2222222222222,0.7494958848228517,0.749463416445201,0.00027194333539792186,0.7171422295162944,0.7817846033741076,0.06464237385781335,1.0,1.0541955472682292e-09,720.5293615850699
0,6,OMPPI(DAG),722.2222222222222,0.7494958848228517,0.7455640581448506,0.00027123258093218847,0.713285136377208,0.7778429799124932,0.06455784353528511,1.0,1.5459261025840942e-05,721.7570040917618
0,6,OMPPI(Exhaustive),722.2222222222222,0.7494958848228517,0.749158207491352,0.00026983725086683125,0.7169624206940979,0.7813539942886061,0.06439157359450824,1.0,1.1402598020875643e-07,721.7570040917618
0,6,Classical,877.7777777777777,0.7494958848228517,0.7416589002795899,0.0003107361058069863,0.7071092265537732,0.7762085740054067,0.06909934745163346,1.0,6.141832673132375e-05,0.0
0,6,VectorPPI++,877.7777777777777,0.7494958848228517,0.7422399539627504,0.0003030904334059823,0.7081179754316714,0.7763619324938295,0.06824395706215801,1.0,5.264853264656943e-05,874.9069139954236
0,6,MultiPPI,877.7777777777777,0.7494958848228517,0.7465455969017191,0.00027212788549535975,0.7142134446984866,0.7788777491049516,0.06466430440646495,1.0,8.704198817580981e-06,875.3856812769989
0,6,OMPPI(DAG),877.7777777777777,0.7494958848228517,0.7501455764452998,0.0002689479241652114,0.7180028886984448,0.7822882641921548,0.0642853754937101,1.0,4.220992042792456e-07,877.4154036259937
0,6,OMPPI(Exhaustive),877.7777777777777,0.7494958848228517,0.7395467349519653,0.00027349055457406965,0.7071337328811128,0.7719597370228178,0.06482600414170499,1.0,9.898558315335795e-05,877.4154036259937
0,6,Classical,1033.3333333333333,0.7494958848228517,0.7416589002795899,0.0003107361058069863,0.7071092265537732,0.7762085740054067,0.06909934745163346,1.0,6.141832673132375e-05,0.0
0,6,VectorPPI++,1033.3333333333333,0.7494958848228517,0.7462399244632815,0.0002991002195026623,0.7123432996094696,0.7801365493170933,0.06779324970762357,1.0,1.0601277863092565e-05,1026.3833349259746
0,6,MultiPPI,1033.3333333333333,0.7494958848228517,0.7448196325798986,0.00027193538429303777,0.7124989181594014,0.7771403470003958,0.06464142884099443,1.0,2.1867335039723842e-05,1029.08288538063
0,6,OMPPI(DAG),1033.3333333333333,0.7494958848228517,0.7454631007496619,0.00026869055634523673,0.7133357960430791,0.7775904054562448,0.06425460941316573,1.0,1.6263347380972857e-05,1032.73025074289
0,6,OMPPI(Exhaustive),1033.3333333333333,0.7494958848228517,0.7491408495839422,0.00026676111681617177,0.7171291041580568,0.7811525950098277,0.06402349085177093,1.0,1.260500208674912e-07,1032.73025074289
0,6,Classical,1188.8888888888887,0.7494958848228517,0.7416589002795899,0.0003107361058069863,0.7071092265537732,0.7762085740054067,0.06909934745163346,1.0,6.141832673132375e-05,0.0
0,6,VectorPPI++,1188.8888888888887,0.7494958848228517,0.7341077705576176,0.0003055387373673431,0.6998482539567733,0.7683672871584618,0.06851903320168859,1.0,0.00023679406063990184,1183.0830807161997
0,6,MultiPPI,1188.8888888888887,0.7494958848228517,0.7467190907331509,0.0002724176661933537,0.7143697283482233,0.7790684531180785,0.06469872476985512,1.0,7.710585416597149e-06,1184.4413737692034
0,6,OMPPI(DAG),1188.8888888888887,0.7494958848228517,0.7474645092950423,0.0002681598821059756,0.7153689466037247,0.7795600719863598,0.06419112538263515,1.0,4.126486534982956e-06,1188.3035835983533
0,6,OMPPI(Exhaustive),1188.8888888888887,0.7494958848228517,0.7482789388697416,0.0002676784202420425,0.716212201764943,0.7803456759745402,0.06413347420959706,1.0,1.4809574527909527e-06,1188.3035835983533
0,6,Classical,1344.4444444444443,0.7494958848228517,0.7416589002795899,0.0003107361058069863,0.7071092265537732,0.7762085740054067,0.06909934745163346,1.0,6.141832673132375e-05,0.0
0,6,VectorPPI++,1344.4444444444443,0.7494958848228517,0.7431703023054924,0.0003003932362053599,0.7092004885453622,0.7771401160656226,0.06793962752026048,1.0,4.001299418392115e-05,1339.782826506425
0,6,MultiPPI,1344.4444444444443,0.7494958848228517,0.7481453701325096,0.0002731891174982407,0.7157502355420922,0.780540504722927,0.06479026918083487,1.0,1.823889928829781e-06,1341.3653806595303
0,6,OMPPI(DAG),1344.4444444444443,0.7494958848228517,0.7460845019924007,0.0002682065630608631,0.7139861458438655,0.7781828581409359,0.06419671229707041,1.0,1.1637532815895526e-05,1343.8505831790533
0,6,OMPPI(Exhaustive),1344.4444444444443,0.7494958848228517,0.7447500344706339,0.0002684896789772047,0.7126347414535631,0.7768653274877048,0.06423058603414161,1.0,2.252309556564535e-05,1343.8505831790533
0,6,Classical,1500.0,0.7494958848228517,0.7416589002795899,0.0003107361058069863,0.7071092265537732,0.7762085740054067,0.06909934745163346,1.0,6.141832673132375e-05,0.0
0,6,VectorPPI++,1500.0,0.7494958848228517,0.7511736825691071,0.0002978921157961428,0.7173455833638557,0.7850017817743585,0.06765619841050276,1.0,2.8150052773397908e-06,1496.48257229665
0,6,MultiPPI,1500.0,0.7494958848228517,0.7431551085655382,0.00027390419395673305,0.710717604316595,0.7755926128144814,0.06487500849788636,1.0,4.020544354530985e-05,1495.1543379929535
0,6,OMPPI(DAG),1500.0,0.7494958848228517,0.7481723642751485,0.00026710968662223565,0.7161397112197454,0.7802050173305517,0.06406530611080637,1.0,1.7517066401923866e-06,1499.3975827597535
0,6,OMPPI(Exhaustive),1500.0,0.7494958848228517,0.7458476935301405,0.00026734575535503286,0.7138008885398809,0.7778944985204,0.0640936099805191,1.0,1.33092997082139e-05,1499.3975827597535
0,7,Classical,100.0,0.7184130123483048,0.7132028580304444,0.0003380613596161556,0.6771660880332133,0.7492396280276754,0.07207353999446205,1.0,2.714570801591965e-05,0.0
0,7,VectorPPI++,100.0,0.7184130123483048,0.7139953173214004,0.0003392197157864022,0.6778968607150435,0.7500937739277573,0.07219691321271371,1.0,1.9516029350735574e-05,91.408185044298
0,7,MultiPPI,100.0,0.7184130123483048,0.7105211876577476,0.0003318470039696753,0.6748171738704963,0.7462252014449989,0.07140802757450251,1.0,6.228089694648759e-05,99.02896874644844
0,7,OMPPI(DAG),100.0,0.7184130123483048,0.7168808447451733,0.000327499631337635,0.6814114727803917,0.7523502167099549,0.07093874392956312,1.0,2.3475375640856103e-06,99.73045688173531
0,7,OMPPI(Exhaustive),100.0,0.7184130123483048,0.7139042355230943,0.0003277469615508389,0.6784214727162726,0.7493869983299161,0.07096552561364337,1.0,2.0329068459554802e-05,99.73045688173531
0,7,Classical,255.55555555555554,0.7184130123483048,0.7132028580304444,0.0003380613596161556,0.6771660880332133,0.7492396280276754,0.07207353999446205,1.0,2.714570801591965e-05,0.0
0,7,VectorPPI++,255.55555555555554,0.7184130123483048,0.7146759689182897,0.000333723335696878,0.6788711584651642,0.7504807793714151,0.07160962090625082,1.0,1.3965493597819248e-05,248.1079308345231
0,7,MultiPPI,255.55555555555554,0.7184130123483048,0.7154480344495291,0.0003245632541117009,0.6801380305500592,0.750758038348999,0.07062000779893987,1.0,8.791093940228366e-06,254.42769069553742
0,7,OMPPI(DAG),255.55555555555554,0.7184130123483048,0.7154617568334007,0.0003374438054653617,0.6794579169966068,0.7514655966701946,0.07200767967358777,1.0,8.709909114251569e-06,255.21585523486806
0,7,OMPPI(Exhaustive),255.55555555555554,0.7184130123483048,0.7133774601620593,0.00033609699697638494,0.6774455415708716,0.749309378753247,0.07186383718237542,1.0,2.5356785820402014e-05,255.21585523486806
0,7,Classical,411.1111111111111,0.7184130123483048,0.7132028580304444,0.0003380613596161556,0.6771660880332133,0.7492396280276754,0.07207353999446205,1.0,2.714570801591965e-05,0.0
0,7,VectorPPI++,411.1111111111111,0.7184130123483048,0.7108533081652803,0.0003347247007248421,0.6749948202704505,0.74671179606011,0.07171697578965934,1.0,5.7149127334838736e-05,404.80767662474824
0,7,MultiPPI,411.1111111111111,0.7184130123483048,0.7104949927607228,0.0003215086796655173,0.6753515388406708,0.7456384466807748,0.07028690784010415,1.0,6.269503418933193e-05,409.1892662422467
0,7,OMPPI(DAG),411.1111111111111,0.7184130123483048,0.7128720667865162,0.00032352703200956806,0.67761847447529,0.7481256590977423,0.07050718462245237,1.0,3.0702077718705175e-05,410.63103047623696
0,7,OMPPI(Exhaustive),411.1111111111111,0.7184130123483048,0.7167422535995952,0.00032232270971361133,0.6815543378281349,0.7519301693710555,0.07037583154292058,1.0,2.7914347963896306e-06,410.63103047623696
0,7,Classical,566.6666666666666,0.7184130123483048,0.7132028580304444,0.0003380613596161556,0.6771660880332133,0.7492396280276754,0.07207353999446205,1.0,2.714570801591965e-05,0.0
0,7,VectorPPI++,566.6666666666666,0.7184130123483048,0.7129437152476336,0.0003388134882466732,0.6768668797018803,0.7490205507933868,0.07215367109150658,1.0,2.991321077541076e-05,561.5074224149733
0,7,MultiPPI,566.6666666666666,0.7184130123483048,0.7181426053942451,0.0003199752331453295,0.6830830605915843,0.753202150196906,0.07011908960532175,1.0,7.3119920803826e-08,563.8602071101005
0,7,OMPPI(DAG),566.6666666666666,0.7184130123483048,0.7175268170739086,0.0003178056306803284,0.6825863356341344,0.7524672985136829,0.06988096287954845,1.0,7.853420643620694e-07,566.1010502279385
0,7,OMPPI(Exhaustive),566.6666666666666,0.7184130123483048,0.7103460641995651,0.00032153944569561813,0.675200928833934,0.7454911995651963,0.07029027073126215,1.0,6.507565243445406e-05,566.1010502279385
0,7,Classical,722.2222222222222,0.7184130123483048,0.7132028580304444,0.0003380613596161556,0.6771660880332133,0.7492396280276754,0.07207353999446205,1.0,2.714570801591965e-05,0.0
0,7,VectorPPI++,722.2222222222222,0.7184130123483048,0.7120767187191712,0.00033349049583137594,0.6762844010123071,0.7478690364260353,0.07158463541372818,1.0,4.0148616954598685e-05,718.2071682051985
0,7,MultiPPI,722.2222222222222,0.7184130123483048,0.7160863629893477,0.0003194027903113245,0.6810581933797927,0.7511145325989027,0.07005633921911003,1.0,5.413297239535485e-06,718.6591590605044
0,7,OMPPI(DAG),722.2222222222222,0.7184130123483048,0.7171096150556291,0.0003182257090210521,0.6821460489204283,0.7520731811908299,0.06992713227040168,1.0,1.6988445025543469e-06,721.5841575621182
0,7,OMPPI(Exhaustive),722.2222222222222,0.7184130123483048,0.7138491839484233,0.0003198311382245522,0.6787975342430906,0.748900833653756,0.07010329941066534,1.0,2.0828529663564505e-05,721.5841575621182
0,7,Classical,877.7777777777777,0.7184130123483048,0.7132028580304444,0.0003380613596161556,0.6771660880332133,0.7492396280276754,0.07207353999446205,1.0,2.714570801591965e-05,0.0
0,7,VectorPPI++,877.7777777777777,0.7184130123483048,0.7096075722980985,0.0003370367666289559,0.6736254536825274,0.7455896909136696,0.07196423723114224,1.0,7.753577447777778e-05,874.9069139954236
0,7,MultiPPI,877.7777777777777,0.7184130123483048,0.7171786777251614,0.000318994022438916,0.6821729296079354,0.7521844258423874,0.07001149623445205,1.0,1.5235819618904946e-06,871.9853754867428
0,7,OMPPI(DAG),877.7777777777777,0.7184130123483048,0.7152858293782962,0.0003182542694328372,0.6803206943072524,0.75025096444934,0.06993027014208761,1.0,9.779273327911681e-06,877.2714106125153
0,7,OMPPI(Exhaustive),877.7777777777777,0.7184130123483048,0.7143958150063494,0.0003181938689147405,0.6794339980565208,0.749357631956178,0.06992363389965714,1.0,1.6137874484213376e-05,877.2714106125153
0,7,Classical,1033.3333333333333,0.7184130123483048,0.7132028580304444,0.0003380613596161556,0.6771660880332133,0.7492396280276754,0.07207353999446205,1.0,2.714570801591965e-05,0.0
0,7,VectorPPI++,1033.3333333333333,0.7184130123483048,0.7190818201565669,0.0003320047097879215,0.6833693234512564,0.7547943168618773,0.07142499341062075,1.0,4.4730388439230293e-07,1026.3833349259746
0,7,MultiPPI,1033.3333333333333,0.7184130123483048,0.716285681812477,0.00031857714328148955,0.6813028149040857,0.7512685487208682,0.06996573381678246,1.0,4.525535208665435e-06,1027.6450028908807
0,7,OMPPI(DAG),1033.3333333333333,0.7184130123483048,0.7108151188613113,0.00032083684853630146,0.6757084023840689,0.7459218353385537,0.07021343295448473,1.0,5.7727985439697757e-05,1032.88145740266
0,7,OMPPI(Exhaustive),1033.3333333333333,0.7184130123483048,0.7128927004359163,0.00031943009756493144,0.6778630334965063,0.7479223673753264,0.07005933387881991,1.0,3.0473843610057744e-05,1032.88145740266
0,7,Classical,1188.8888888888887,0.7184130123483048,0.7132028580304444,0.0003380613596161556,0.6771660880332133,0.7492396280276754,0.07207353999446205,1.0,2.714570801591965e-05,0.0
0,7,VectorPPI++,1188.8888888888887,0.7184130123483048,0.7130195565939197,0.00033147053590222174,0.6773358009908192,0.7487033121970201,0.07136751120620079,1.0,2.9089364974509764e-05,1183.0830807161997
0,7,MultiPPI,1188.8888888888887,0.7184130123483048,0.7205317690321105,0.00031812735636879447,0.6855736063340079,0.7554899317302131,0.06991632539620511,1.0,4.489129885171234e-06,1184.364502196379
0,7,OMPPI(DAG),1188.8888888888887,0.7184130123483048,0.7150200711041218,0.0003181550296965369,0.6800603879651692,0.7499797542430744,0.0699193662779051,1.0,1.1512050286478014e-05,1188.3645647368398
0,7,OMPPI(Exhaustive),1188.8888888888887,0.7184130123483048,0.7135226279213892,0.00031934867839752783,0.6784974256020992,0.7485478302406792,0.07005040463857992,1.0,2.3915859843018462e-05,1188.3645647368398
0,7,Classical,1344.4444444444443,0.7184130123483048,0.7132028580304444,0.0003380613596161556,0.6771660880332133,0.7492396280276754,0.07207353999446205,1.0,2.714570801591965e-05,0.0
0,7,VectorPPI++,1344.4444444444443,0.7184130123483048,0.7164058464378726,0.0003313204596660363,0.6807301698183532,0.7520815230573921,0.07135135323903892,1.0,4.028714992000928e-06,1339.782826506425
0,7,MultiPPI,1344.4444444444443,0.7184130123483048,0.720228144091836,0.0003177950918086891,0.6852882419940655,0.7551680461896065,0.06987980419554103,1.0,3.2947032463746373e-06,1336.6859020932802
0,7,OMPPI(DAG),1344.4444444444443,0.7184130123483048,0.7147168409404552,0.00031792859875050494,0.6797696004196208,0.7496640814612896,0.06989448104166882,1.0,1.3661683076204993e-05,1344.0518177872368
0,7,OMPPI(Exhaustive),1344.4444444444443,0.7184130123483048,0.7130333010116282,0.0003197476014905243,0.677986229177571,0.7480803728456854,0.07009414366811437,1.0,2.8941294065966567e-05,1344.0518177872368
0,7,Classical,1500.0,0.7184130123483048,0.7132028580304444,0.0003380613596161556,0.6771660880332133,0.7492396280276754,0.07207353999446205,1.0,2.714570801591965e-05,0.0
0,7,VectorPPI++,1500.0,0.7184130123483048,0.7154317507887099,0.0003317050337498389,0.6797353752336629,0.7511281263437569,0.07139275111009412,1.0,8.887920486718116e-06,1496.48257229665
0,7,MultiPPI,1500.0,0.7184130123483048,0.7170500390251273,0.0003183277830229439,0.6820808658869832,0.7520192121632714,0.06993834627628805,1.0,1.8576962796934478e-06,1492.6970864839977
0,7,OMPPI(DAG),1500.0,0.7184130123483048,0.713553854910814,0.0003194344404560687,0.6785239498449498,0.7485837599766783,0.07005981013172838,1.0,2.3611411002321852e-05,1499.6618645773817
0,7,OMPPI(Exhaustive),1500.0,0.7184130123483048,0.7111302802996738,0.0003198563073902408,0.6760772514237138,0.7461833091756339,0.07010605775192018,1.0,5.30381860921563e-05,1499.6618645773817
