key,budget,mean,min,max,count
dag_equals_exhaustive,100.0,1.0,1.0,1.0,100000
dag_equals_exhaustive,255.55555555555554,1.0,1.0,1.0,100000
dag_equals_exhaustive,411.1111111111111,1.0,1.0,1.0,100000
dag_equals_exhaustive,566.6666666666666,1.0,1.0,1.0,100000
dag_equals_exhaustive,722.2222222222222,1.0,1.0,1.0,100000
dag_equals_exhaustive,877.7777777777777,1.0,1.0,1.0,100000
dag_equals_exhaustive,1033.3333333333333,1.0,1.0,1.0,100000
dag_equals_exhaustive,1188.8888888888887,1.0,1.0,1.0,100000
dag_equals_exhaustive,1344.4444444444443,1.0,1.0,1.0,100000
dag_equals_exhaustive,1500.0,1.0,1.0,1.0,100000
dag_over_best_exact_route,100.0,1.0122068657013958,1.0,1.2573104700432762,100000
dag_over_best_exact_route,255.55555555555554,1.0046370438857415,1.0,1.1822919135600305,100000
dag_over_best_exact_route,411.1111111111111,1.0026746624381067,1.0,1.1715399000012208,100000
dag_over_best_exact_route,566.6666666666666,1.0016637890240363,1.0,1.1430916354936835,100000
dag_over_best_exact_route,722.2222222222222,1.0014693853337127,1.0,1.1949097835740425,100000
dag_over_best_exact_route,877.7777777777777,1.0015299073064594,1.0,1.2415701942253525,100000
dag_over_best_exact_route,1033.3333333333333,1.0014714109529916,1.0,1.1880622602608437,100000
dag_over_best_exact_route,1188.8888888888887,1.0012055606463883,1.0,1.1500015928298146,100000
dag_over_best_exact_route,1344.4444444444443,1.0009110117468636,1.0,1.1448757628593214,100000
dag_over_best_exact_route,1500.0,1.0006729963339134,1.0,1.111617812960257,100000
labeled_only,100.0,0.00024,0.0,1.0,100000
labeled_only,255.55555555555554,3e-05,0.0,1.0,100000
labeled_only,411.1111111111111,3e-05,0.0,1.0,100000
labeled_only,566.6666666666666,3e-05,0.0,1.0,100000
labeled_only,722.2222222222222,3e-05,0.0,1.0,100000
labeled_only,877.7777777777777,3e-05,0.0,1.0,100000
labeled_only,1033.3333333333333,3e-05,0.0,1.0,100000
labeled_only,1188.8888888888887,3e-05,0.0,1.0,100000
labeled_only,1344.4444444444443,3e-05,0.0,1.0,100000
labeled_only,1500.0,3e-05,0.0,1.0,100000
multippi_solver_ok,100.0,1.0,1.0,1.0,100000
multippi_solver_ok,255.55555555555554,1.0,1.0,1.0,100000
multippi_solver_ok,411.1111111111111,1.0,1.0,1.0,100000
multippi_solver_ok,566.6666666666666,1.0,1.0,1.0,100000
multippi_solver_ok,722.2222222222222,1.0,1.0,1.0,100000
multippi_solver_ok,877.7777777777777,1.0,1.0,1.0,100000
multippi_solver_ok,1033.3333333333333,1.0,1.0,1.0,100000
multippi_solver_ok,1188.8888888888887,1.0,1.0,1.0,100000
multippi_solver_ok,1344.4444444444443,1.0,1.0,1.0,100000
multippi_solver_ok,1500.0,1.0,1.0,1.0,100000
