pilot,budget,method,rmse_ratio,width_ratio,share_rmse,share_width,coverage_pool,coverage_outer_truth,rmse_pool,mean_ci_width
200,200.0,Classical,1.0,1.0,0.0,0.0,0.9464,0.9458,0.0288315320175698,0.1129281391919212
200,511.1111111111111,Classical,1.0,1.0,0.0,0.0,0.9507,0.9482,0.0178271300250575,0.0704916549419571
200,822.2222222222222,Classical,1.0,1.0,0.0,0.0,0.9484,0.9456,0.0142162907244992,0.0555282189812083
200,1133.3333333333333,Classical,1.0,1.0,0.0,0.0,0.9477,0.9451,0.0120879094790887,0.0472612360672383
200,1444.4444444444443,Classical,1.0,1.0,0.0,0.0,0.9491,0.9441,0.0106754768804197,0.0418758751306235
200,1755.5555555555554,Classical,1.0,1.0,0.0,0.0,0.9482,0.9434,0.0097372033872812,0.0379761413610867
200,2066.6666666666665,Classical,1.0,1.0,0.0,0.0,0.9471,0.9397,0.0089965920574028,0.0349919393756956
200,2377.7777777777774,Classical,1.0,1.0,0.0,0.0,0.9503,0.9443,0.0083181573691496,0.0326307352641809
200,2688.8888888888887,Classical,1.0,1.0,0.0,0.0,0.9509,0.9437,0.0078487927418775,0.0306818725872199
200,3000.0,Classical,1.0,1.0,0.0,0.0,0.952,0.9415,0.0073853844611319,0.029043808334025
200,200.0,VectorPPI++,1.0619,1.0381,-0.4,-0.247,0.9409,0.9404,0.0306148604094519,0.1172329744599715
200,511.1111111111111,VectorPPI++,1.0833,1.0536,-0.539,-0.347,0.9444,0.9428,0.0193116529487896,0.0742731217956419
200,822.2222222222222,VectorPPI++,1.0811,1.0583,-0.525,-0.377,0.9446,0.9433,0.015369691070834,0.0587654011465587
200,1133.3333333333333,VectorPPI++,1.0844,1.0634,-0.546,-0.41,0.9487,0.9437,0.01310856333289,0.0502599038975692
200,1444.4444444444443,VectorPPI++,1.1004,1.0649,-0.649,-0.42,0.9435,0.9408,0.0117467734673632,0.0445938179548596
200,1755.5555555555554,VectorPPI++,1.0933,1.0678,-0.604,-0.439,0.9456,0.9419,0.0106458617128606,0.0405518578774118
200,2066.6666666666665,VectorPPI++,1.097,1.067,-0.627,-0.433,0.9449,0.939,0.0098692614190733,0.0373360576257458
200,2377.7777777777774,VectorPPI++,1.1034,1.0698,-0.669,-0.452,0.9491,0.9439,0.0091781081424055,0.0349091339317668
200,2688.8888888888887,VectorPPI++,1.1265,1.0697,-0.818,-0.451,0.9438,0.9359,0.0088413839024534,0.0328194503840394
200,3000.0,VectorPPI++,1.1243,1.0708,-0.804,-0.458,0.9453,0.9371,0.0083035967040454,0.0311002949273747
200,200.0,MultiPPI,0.8901,0.8776,0.711,0.791,0.946,0.9456,0.0256643371307469,0.0991105990491389
200,511.1111111111111,MultiPPI,0.8919,0.8808,0.699,0.771,0.9487,0.9469,0.0158992708196309,0.062088631577898
200,822.2222222222222,MultiPPI,0.8829,0.8816,0.757,0.766,0.9476,0.9443,0.0125520777224627,0.0489536987108998
200,1133.3333333333333,MultiPPI,0.8786,0.8824,0.785,0.76,0.9503,0.9475,0.0106206695567695,0.0417046052794845
200,1444.4444444444443,MultiPPI,0.8793,0.8822,0.781,0.762,0.951,0.945,0.0093869196723955,0.036943993453696
200,1755.5555555555554,MultiPPI,0.8827,0.8828,0.759,0.758,0.9482,0.9423,0.0085952513954126,0.0335255962040797
200,2066.6666666666665,MultiPPI,0.8814,0.8829,0.767,0.757,0.9477,0.9385,0.0079294455920551,0.0308959026247438
200,2377.7777777777774,MultiPPI,0.8897,0.8827,0.713,0.759,0.9474,0.9378,0.0074010341119969,0.0288017180974862
200,2688.8888888888887,MultiPPI,0.8742,0.8828,0.813,0.758,0.9507,0.9399,0.0068617254071206,0.0270866432706327
200,3000.0,MultiPPI,0.8873,0.8828,0.729,0.758,0.9498,0.9365,0.0065531690281767,0.025639699159258
200,200.0,OMPPI(Exhaustive),0.8797,0.8745,0.778,0.812,0.9469,0.9465,0.0253642774130562,0.0987505936374399
200,511.1111111111111,OMPPI(Exhaustive),0.8754,0.8741,0.806,0.815,0.9533,0.9514,0.0156057615784481,0.0616143587712683
200,822.2222222222222,OMPPI(Exhaustive),0.8731,0.8747,0.821,0.811,0.9496,0.9464,0.0124117620110364,0.0485693222683982
200,1133.3333333333333,OMPPI(Exhaustive),0.871,0.8746,0.834,0.811,0.9502,0.9443,0.0105288297906641,0.0413339215334577
200,1444.4444444444443,OMPPI(Exhaustive),0.8753,0.8744,0.807,0.813,0.9518,0.945,0.009344123919372,0.0366149909872316
200,1755.5555555555554,OMPPI(Exhaustive),0.8681,0.8745,0.853,0.812,0.9527,0.9439,0.0084526897763581,0.0332105184055216
200,2066.6666666666665,OMPPI(Exhaustive),0.8692,0.8749,0.846,0.809,0.9501,0.9412,0.0078194137156449,0.0306148129095573
200,2377.7777777777774,OMPPI(Exhaustive),0.8829,0.8745,0.758,0.812,0.947,0.9365,0.0073437908506839,0.0285344385361552
200,2688.8888888888887,OMPPI(Exhaustive),0.8781,0.8745,0.788,0.812,0.9489,0.9351,0.0068922605939668,0.0268308588648275
200,3000.0,OMPPI(Exhaustive),0.8866,0.8743,0.733,0.813,0.9461,0.9355,0.0065479818387164,0.0253938029604453
200,200.0,OMPPI(DAG),0.876,0.8754,0.802,0.806,0.9468,0.9461,0.025255826919502,0.0988559615412386
200,511.1111111111111,OMPPI(DAG),0.8847,0.8743,0.746,0.813,0.9488,0.9475,0.0157708050198009,0.0616292225044926
200,822.2222222222222,OMPPI(DAG),0.8759,0.8744,0.803,0.812,0.9491,0.9464,0.0124524023052663,0.0485562942042104
200,1133.3333333333333,OMPPI(DAG),0.8806,0.8751,0.772,0.808,0.9495,0.9453,0.0106444890456506,0.0413569698023205
200,1444.4444444444443,OMPPI(DAG),0.8802,0.8747,0.775,0.811,0.9477,0.942,0.0093962923794653,0.0366276812976592
200,1755.5555555555554,OMPPI(DAG),0.871,0.8748,0.835,0.81,0.9505,0.9419,0.0084806289377109,0.0332213938263245
200,2066.6666666666665,OMPPI(DAG),0.8778,0.8749,0.79,0.809,0.9454,0.9375,0.0078976243344804,0.0306132875481299
200,2377.7777777777774,OMPPI(DAG),0.8704,0.8745,0.838,0.812,0.95,0.9404,0.0072404309502863,0.0285356522437522
200,2688.8888888888887,OMPPI(DAG),0.8702,0.8743,0.84,0.813,0.9508,0.942,0.0068299324964029,0.0268259376887272
200,3000.0,OMPPI(DAG),0.8811,0.8746,0.769,0.811,0.9483,0.9334,0.006507493045281,0.0254008634244932
400,200.0,Classical,1.0,1.0,0.0,0.0,0.946,0.9444,0.0288196987068466,0.1124391121687056
400,511.1111111111111,Classical,1.0,1.0,0.0,0.0,0.9489,0.9466,0.0178127435290375,0.0701238958681868
400,822.2222222222222,Classical,1.0,1.0,0.0,0.0,0.9464,0.9434,0.0141113790109013,0.0552417093737457
400,1133.3333333333333,Classical,1.0,1.0,0.0,0.0,0.9486,0.9423,0.0120622316673606,0.0470328220114468
400,1444.4444444444443,Classical,1.0,1.0,0.0,0.0,0.9497,0.9459,0.0105647269968519,0.0416538610399534
400,1755.5555555555554,Classical,1.0,1.0,0.0,0.0,0.9482,0.9417,0.0096570310960644,0.0377824606667372
400,2066.6666666666665,Classical,1.0,1.0,0.0,0.0,0.9489,0.9396,0.0088842664523052,0.0348134774893621
400,2377.7777777777774,Classical,1.0,1.0,0.0,0.0,0.951,0.9395,0.0082580410587399,0.0324635796530713
400,2688.8888888888887,Classical,1.0,1.0,0.0,0.0,0.9524,0.9396,0.0077493437609719,0.0305273959660096
400,3000.0,Classical,1.0,1.0,0.0,0.0,0.9523,0.9379,0.0073463435544168,0.0288953872470027
400,200.0,VectorPPI++,1.0073,1.006,-0.048,-0.039,0.9439,0.9429,0.0290315065458991,0.1131161170673935
400,511.1111111111111,VectorPPI++,1.0213,1.0098,-0.138,-0.064,0.9464,0.9441,0.0181921503548288,0.0708142788302184
400,822.2222222222222,VectorPPI++,1.0093,1.011,-0.06,-0.071,0.9492,0.9475,0.0142423971831647,0.0558519706564467
400,1133.3333333333333,VectorPPI++,1.0162,1.012,-0.105,-0.078,0.9479,0.9439,0.012257555568703,0.0475978754470236
400,1444.4444444444443,VectorPPI++,1.0246,1.0115,-0.159,-0.074,0.9478,0.9441,0.0108243443438427,0.0421328454055252
400,1755.5555555555554,VectorPPI++,1.0117,1.0119,-0.076,-0.077,0.9499,0.9435,0.0097704317122749,0.0382326069724557
400,2066.6666666666665,VectorPPI++,1.012,1.0124,-0.078,-0.08,0.9501,0.9433,0.0089912099429455,0.0352465856379194
400,2377.7777777777774,VectorPPI++,1.0152,1.0116,-0.098,-0.075,0.9504,0.9391,0.0083834533521088,0.0328393989497895
400,2688.8888888888887,VectorPPI++,1.0187,1.0114,-0.121,-0.074,0.9488,0.9379,0.0078945234808478,0.0308752469812114
400,3000.0,VectorPPI++,1.0219,1.0123,-0.142,-0.08,0.9487,0.936,0.0075074740016524,0.0292507073299929
400,200.0,MultiPPI,0.8664,0.8686,0.864,0.85,0.9496,0.948,0.0249708176307717,0.0976636482272738
400,511.1111111111111,MultiPPI,0.8753,0.872,0.807,0.828,0.9504,0.9471,0.0155909661122381,0.0611506635132034
400,822.2222222222222,MultiPPI,0.8779,0.8731,0.79,0.821,0.9476,0.9422,0.012388431826153,0.0482340756557741
400,1133.3333333333333,MultiPPI,0.8687,0.8737,0.849,0.817,0.9494,0.9429,0.0104783257455773,0.0410927144560511
400,1444.4444444444443,MultiPPI,0.8753,0.8741,0.807,0.814,0.9514,0.9427,0.009246933825581,0.0364109807366701
400,1755.5555555555554,MultiPPI,0.8742,0.8737,0.813,0.817,0.9485,0.9388,0.0084425179322686,0.033011015648625
400,2066.6666666666665,MultiPPI,0.8719,0.8741,0.829,0.814,0.9502,0.9355,0.0077459862133454,0.0304307744277787
400,2377.7777777777774,MultiPPI,0.8827,0.874,0.759,0.815,0.9503,0.9348,0.0072891756198925,0.0283723861564641
400,2688.8888888888887,MultiPPI,0.884,0.8739,0.75,0.815,0.9492,0.9315,0.0068502318043008,0.0266793188232051
400,3000.0,MultiPPI,0.8699,0.8742,0.841,0.814,0.9511,0.935,0.0063908909763064,0.0252606647819959
400,200.0,OMPPI(Exhaustive),0.8643,0.8663,0.878,0.864,0.9493,0.9486,0.0249082662772438,0.0974115628271085
400,511.1111111111111,OMPPI(Exhaustive),0.8662,0.8661,0.866,0.866,0.9505,0.9466,0.0154286955935779,0.0607354468011264
400,822.2222222222222,OMPPI(Exhaustive),0.865,0.866,0.873,0.867,0.9497,0.9453,0.0122067767834201,0.0478403411905678
400,1133.3333333333333,OMPPI(Exhaustive),0.8586,0.8659,0.915,0.867,0.9503,0.9445,0.0103567962618443,0.0407262279278442
400,1444.4444444444443,OMPPI(Exhaustive),0.8688,0.8661,0.848,0.866,0.9496,0.9422,0.0091788869676473,0.0360762073633148
400,1755.5555555555554,OMPPI(Exhaustive),0.8699,0.8659,0.842,0.867,0.9478,0.9376,0.0084004389450832,0.0327174799123037
400,2066.6666666666665,OMPPI(Exhaustive),0.863,0.866,0.886,0.866,0.951,0.9375,0.0076668760941964,0.0301499513449603
400,2377.7777777777774,OMPPI(Exhaustive),0.8681,0.8657,0.853,0.869,0.9503,0.9346,0.0071686368747745,0.0281044484366118
400,2688.8888888888887,OMPPI(Exhaustive),0.87,0.8659,0.841,0.868,0.9514,0.9333,0.0067416757705499,0.0264327442098863
400,3000.0,OMPPI(Exhaustive),0.8705,0.866,0.838,0.867,0.9489,0.9331,0.0063950976317842,0.0250220694262598
400,200.0,OMPPI(DAG),0.8686,0.8654,0.85,0.871,0.9467,0.9464,0.0250334302734579,0.0973068449967089
400,511.1111111111111,OMPPI(DAG),0.868,0.8658,0.854,0.868,0.9498,0.9457,0.0154621226570212,0.0607156133856079
400,822.2222222222222,OMPPI(DAG),0.8699,0.8658,0.841,0.868,0.9476,0.9426,0.0122756823729627,0.0478274359219256
400,1133.3333333333333,OMPPI(DAG),0.8633,0.866,0.884,0.867,0.9496,0.9425,0.0104138682173705,0.0407281679887116
400,1444.4444444444443,OMPPI(DAG),0.8753,0.8659,0.806,0.867,0.9483,0.9407,0.0092476149622352,0.0360693911110396
400,1755.5555555555554,OMPPI(DAG),0.8674,0.8659,0.858,0.867,0.9478,0.9377,0.0083766518033762,0.0327157622276544
400,2066.6666666666665,OMPPI(DAG),0.8713,0.866,0.832,0.867,0.9464,0.9348,0.0077409758317136,0.030149442048535
400,2377.7777777777774,OMPPI(DAG),0.8702,0.8658,0.839,0.868,0.9496,0.9342,0.0071864222868356,0.0281070697118052
400,2688.8888888888887,OMPPI(DAG),0.8735,0.8657,0.819,0.869,0.9486,0.9312,0.006768672151253,0.0264273588378143
400,3000.0,OMPPI(DAG),0.8734,0.866,0.819,0.867,0.948,0.9312,0.0064166338641554,0.0250225093467716
800,200.0,Classical,1.0,1.0,0.0,0.0,0.9459,0.9454,0.028574440331826,0.1122204410257706
800,511.1111111111111,Classical,1.0,1.0,0.0,0.0,0.9486,0.9458,0.0178574347456333,0.0699971985568499
800,822.2222222222222,Classical,1.0,1.0,0.0,0.0,0.9504,0.9439,0.0140456309907884,0.0551392854510687
800,1133.3333333333333,Classical,1.0,1.0,0.0,0.0,0.9503,0.9431,0.0119482047467192,0.046948746453306
800,1444.4444444444443,Classical,1.0,1.0,0.0,0.0,0.9505,0.9408,0.0105591405489827,0.0415832499994228
800,1755.5555555555554,Classical,1.0,1.0,0.0,0.0,0.9489,0.9373,0.0096304804860172,0.0377106164132624
800,2066.6666666666665,Classical,1.0,1.0,0.0,0.0,0.9494,0.9348,0.0088580217613048,0.0347562948504626
800,2377.7777777777774,Classical,1.0,1.0,0.0,0.0,0.9489,0.9325,0.0082739456240507,0.0323957508104868
800,2688.8888888888887,Classical,1.0,1.0,0.0,0.0,0.9491,0.9312,0.007769873630056,0.0304674235487784
800,3000.0,Classical,1.0,1.0,0.0,0.0,0.9485,0.9271,0.0074001111876688,0.0288403859800712
800,200.0,VectorPPI++,0.9937,0.9926,0.041,0.048,0.9472,0.9462,0.0283935998749065,0.1113947407053008
800,511.1111111111111,VectorPPI++,0.9927,0.9943,0.047,0.037,0.9503,0.9458,0.0177273676844338,0.0695963446438326
800,822.2222222222222,VectorPPI++,0.9916,0.9945,0.054,0.035,0.9504,0.9457,0.0139273986904571,0.05483855209403
800,1133.3333333333333,VectorPPI++,0.9975,0.9953,0.016,0.03,0.9498,0.9425,0.0119183707160534,0.0467293730791486
800,1444.4444444444443,VectorPPI++,1.0016,0.995,-0.01,0.033,0.9494,0.9395,0.010576093967879,0.0413735692812076
800,1755.5555555555554,VectorPPI++,0.9946,0.9953,0.035,0.03,0.9497,0.9374,0.0095788670329366,0.0375344401447021
800,2066.6666666666665,VectorPPI++,0.9915,0.9952,0.055,0.031,0.9504,0.938,0.0087827206363433,0.0345905492573329
800,2377.7777777777774,VectorPPI++,0.9903,0.9954,0.063,0.03,0.9506,0.9334,0.0081937555645421,0.0322457562018542
800,2688.8888888888887,VectorPPI++,0.9947,0.9952,0.034,0.031,0.9501,0.9304,0.00772848819664,0.0303207452573467
800,3000.0,VectorPPI++,0.9913,0.9955,0.056,0.029,0.9493,0.9277,0.0073360462794793,0.0287094305217737
800,200.0,MultiPPI,0.8731,0.8648,0.821,0.874,0.9463,0.9453,0.0249473609621831,0.0970524140552755
800,511.1111111111111,MultiPPI,0.8702,0.8682,0.84,0.853,0.9494,0.9447,0.015539635687829,0.0607701124456725
800,822.2222222222222,MultiPPI,0.8692,0.8691,0.846,0.847,0.9501,0.9422,0.0122089048015676,0.0479211014635875
800,1133.3333333333333,MultiPPI,0.8688,0.8695,0.848,0.844,0.9513,0.9399,0.0103810166689066,0.0408199357228981
800,1444.4444444444443,MultiPPI,0.8727,0.8696,0.823,0.843,0.9498,0.9372,0.0092149645054142,0.0361628625128145
800,1755.5555555555554,MultiPPI,0.87,0.8698,0.841,0.842,0.9486,0.9336,0.008378530191245,0.0328002270885085
800,2066.6666666666665,MultiPPI,0.8715,0.8699,0.831,0.842,0.9499,0.9298,0.0077193879243054,0.0302333512027109
800,2377.7777777777774,MultiPPI,0.8667,0.8701,0.862,0.84,0.9507,0.9288,0.0071707779632357,0.0281873619855741
800,2688.8888888888887,MultiPPI,0.87,0.8701,0.841,0.84,0.9504,0.9244,0.0067599993480698,0.0265091626466232
800,3000.0,MultiPPI,0.8683,0.87,0.852,0.841,0.9488,0.9202,0.006425179688048,0.0250922618545372
800,200.0,OMPPI(Exhaustive),0.8697,0.8612,0.843,0.898,0.9474,0.9455,0.0248506881092676,0.0966456088014267
800,511.1111111111111,OMPPI(Exhaustive),0.864,0.8609,0.88,0.899,0.9486,0.9435,0.015428333530535,0.0602636227705662
800,822.2222222222222,OMPPI(Exhaustive),0.8657,0.8612,0.869,0.898,0.9476,0.9403,0.012159513908433,0.0474860500568139
800,1133.3333333333333,OMPPI(Exhaustive),0.8662,0.8613,0.866,0.897,0.9493,0.9391,0.0103492983394202,0.0404378275849257
800,1444.4444444444443,OMPPI(Exhaustive),0.8639,0.8613,0.88,0.897,0.9494,0.9369,0.0091222446784217,0.0358172011096345
800,1755.5555555555554,OMPPI(Exhaustive),0.8664,0.8615,0.864,0.896,0.9478,0.9298,0.0083440700883018,0.0324881601814945
800,2066.6666666666665,OMPPI(Exhaustive),0.8649,0.8614,0.874,0.896,0.9499,0.9282,0.007661148050723,0.0299391226586793
800,2377.7777777777774,OMPPI(Exhaustive),0.8621,0.8613,0.892,0.897,0.95,0.928,0.0071329407560115,0.0279034777487681
800,2688.8888888888887,OMPPI(Exhaustive),0.8621,0.8613,0.892,0.897,0.949,0.9243,0.0066984915436539,0.0262429626753676
800,3000.0,OMPPI(Exhaustive),0.858,0.8615,0.919,0.896,0.9503,0.922,0.006349008751528,0.0248448592669544
800,200.0,OMPPI(DAG),0.8661,0.8613,0.866,0.897,0.9478,0.9465,0.0247492104249294,0.0966514284148186
800,511.1111111111111,OMPPI(DAG),0.8587,0.8612,0.914,0.898,0.9506,0.9449,0.0153350321777901,0.0602797406625869
800,822.2222222222222,OMPPI(DAG),0.8645,0.8613,0.876,0.897,0.9503,0.9418,0.0121427258926221,0.0474937327401743
800,1133.3333333333333,OMPPI(DAG),0.8562,0.8615,0.93,0.896,0.9516,0.9411,0.0102303851873575,0.0404465443348871
800,1444.4444444444443,OMPPI(DAG),0.8657,0.8613,0.869,0.897,0.9507,0.937,0.0091405850376683,0.0358146110073262
800,1755.5555555555554,OMPPI(DAG),0.8617,0.8615,0.895,0.896,0.9497,0.9332,0.0082983124823007,0.0324885495201479
800,2066.6666666666665,OMPPI(DAG),0.8593,0.8612,0.91,0.898,0.9482,0.9301,0.0076115042341577,0.0299336936212517
800,2377.7777777777774,OMPPI(DAG),0.8583,0.8615,0.917,0.896,0.9503,0.9276,0.0071015233624323,0.027910248525832
800,2688.8888888888887,OMPPI(DAG),0.8602,0.8613,0.904,0.897,0.95,0.925,0.006683724851694,0.0262415150541926
800,3000.0,OMPPI(DAG),0.859,0.8615,0.912,0.896,0.9491,0.9204,0.0063566876788389,0.0248470670553468
