pilot,method,width_ratio,rmse_ratio,share_width,share_rmse,oracle_width_ratio,oracle_share,coverage_pool,coverage_outer_truth,var_hat_over_mse
200,Classical,1.0,1.0,0.0,0.0,1.0,0.0,0.9491,0.9441,0.999
200,VectorPPI++,1.0624,1.0956,-0.403,-0.618,0.976,0.155,0.9451,0.9409,0.992
200,MultiPPI,0.8819,0.8838,0.764,0.751,0.866,0.867,0.9487,0.9424,0.995
200,OMPPI(Exhaustive),0.8745,0.8759,0.812,0.802,0.8564,0.929,0.9497,0.9426,0.997
200,OMPPI(DAG),0.8747,0.8768,0.811,0.797,0.8564,0.929,0.9487,0.9422,0.995
400,Classical,1.0,1.0,0.0,0.0,1.0,0.0,0.9492,0.9421,1.002
400,VectorPPI++,1.011,1.0158,-0.071,-0.102,0.976,0.155,0.9483,0.9422,0.998
400,MultiPPI,0.8732,0.8746,0.82,0.811,0.866,0.867,0.9498,0.9399,0.999
400,OMPPI(Exhaustive),0.866,0.8664,0.867,0.864,0.8564,0.929,0.9499,0.9403,1.002
400,OMPPI(DAG),0.8658,0.8701,0.868,0.84,0.8564,0.929,0.9482,0.9387,0.993
800,Classical,1.0,1.0,0.0,0.0,1.0,0.0,0.949,0.9382,1.002
800,VectorPPI++,0.9948,0.994,0.033,0.039,0.976,0.155,0.9497,0.9387,1.004
800,MultiPPI,0.8691,0.87,0.847,0.841,0.866,0.867,0.9495,0.9346,0.999
800,OMPPI(Exhaustive),0.8613,0.8643,0.897,0.878,0.8564,0.929,0.9489,0.9338,0.995
800,OMPPI(DAG),0.8614,0.861,0.897,0.899,0.8564,0.929,0.9498,0.9348,1.003
