method,budget,n_trials,n_nan,coverage,mse,rmse,mean_bias,mean_estimate,mean_theta_true,mean_ci_width,sd_ci_width,mean_var_hat,actual_cost_mean,actual_cost_max,budget_left_mean,algo_compute_time_mean,algo_compute_time_sd,coverage_pool,rmse_pool,mean_bias_pool,mean_theta_pool
Classical,200.0,20000,0,0.94435,0.0008387291658721141,0.028960821222336123,0.00035134522788494527,0.23310778376829888,0.23275643854041395,0.11243911216870563,0.006533261003684854,0.0008255480471454027,197.49515,199.0,2.50485,0.007350644345022738,0.001356408564319297,0.94605,0.02881969870684662,-1.736558435150956e-05,0.23312514935265038
Classical,511.1111111111111,20000,0,0.94655,0.0003245581877087595,0.018015498541776732,0.0004069367685520847,0.23316337530896603,0.23275643854041395,0.07012389586818682,0.0024875317573676515,0.00032042177896468105,508.61435,510.0,2.496761111111086,0.00675796072948724,0.001347776552218507,0.9489,0.01781274352903756,3.8225956315629856e-05,0.23312514935265038
Classical,822.2222222222222,20000,0,0.94335,0.00020596837435202096,0.014351598320466643,0.0003113563509785342,0.23306779489139248,0.23275643854041395,0.05524170937374579,0.0015603262276467115,0.00019875788686622752,819.72225,822.0,2.499972222222172,0.006704606546834111,0.0013799713272680478,0.9464,0.014111379010901332,-5.735446125792064e-05,0.23312514935265038
Classical,1133.3333333333333,20000,0,0.94225,0.0001517542502421409,0.012318857505553869,0.00034751532801143817,0.2331039538684254,0.23275643854041395,0.04703282201144686,0.0011429775533478169,0.00014404636246550132,1130.8339,1133.0,2.4994333333332577,0.006656510609947145,0.001403928941853973,0.9486,0.012062231667360635,-2.1195484225016647e-05,0.23312514935265038
Classical,1444.4444444444443,20000,0,0.9459,0.00011754396149607371,0.010841769297309074,0.00018497228155902687,0.23294141082197298,0.23275643854041395,0.041653861039953465,0.0008970056685582424,0.00011296806756870065,1441.95035,1444.0,2.4940944444443436,0.0066082098852843045,0.0014318807781861544,0.9497,0.0105647269968519,-0.00018373853067742797,0.23312514935265038
Classical,1755.5555555555554,20000,0,0.9417,9.916871584061737e-05,0.009958349051957225,0.0002938721695661333,0.23305031070998006,0.23275643854041395,0.037782460666737246,0.0007418569215372702,9.293765239099673e-05,1753.05805,1755.0,2.497505555555429,0.006561073253955692,0.0014644224084730548,0.9482,0.009657031096064458,-7.483864267032149e-05,0.23312514935265038
Classical,2066.6666666666665,20000,0,0.9396,8.517558079753978e-05,0.009229061750662402,0.00028145998548717935,0.23303789852590112,0.23275643854041395,0.03481347748936214,0.0006364392565976114,7.89012264719427e-05,2064.1672,2066.0,2.4994666666665153,0.006506063744612038,0.0014877193550967682,0.9489,0.008884266452305242,-8.725082674927546e-05,0.23312514935265038
Classical,2377.7777777777774,20000,0,0.9395,7.4568389085005e-05,0.00863529901537897,0.00037107948681201877,0.23312751802722595,0.23275643854041395,0.03246357965307132,0.0005617743149881042,6.86067212808415e-05,2375.27655,2377.0,2.5012277777773737,0.006456351891253143,0.001507763039412509,0.95105,0.008258041058739925,2.368674575563934e-06,0.23312514935265038
Classical,2688.8888888888887,20000,0,0.9396,6.621768823399298e-05,0.008137425159962639,0.000414710904315794,0.23317114944472975,0.23275643854041395,0.030527395966009625,0.0004934067410335883,6.066480118721483e-05,2686.38455,2688.0,2.504338888888687,0.006407539858482778,0.001527002123863483,0.9524,0.007749343760971944,4.6000092079339135e-05,0.23312514935265038
Classical,3000.0,20000,0,0.93795,6.021593777138862e-05,0.007759892896901904,0.00031075480521962546,0.23306719334563353,0.23275643854041395,0.028895387247002788,0.00044769055230472544,5.435069461532247e-05,2997.50465,2999.0,2.49535,0.006365813857037574,0.0015457619110649558,0.9523,0.007346343554416829,-5.795600701682937e-05,0.23312514935265038
MultiPPI,200.0,20000,0,0.94805,0.0006311038115451353,0.02512177962535965,0.00029218968784428873,0.23304862822825823,0.23275643854041395,0.09766364822727386,0.005751990952510852,0.0006228930451595339,199.95817198700485,199.9963320058688,0.04182801299517382,0.35121663922630253,0.0847001262241957,0.94965,0.024970817630771778,-7.652112439216609e-05,0.23312514935265038
MultiPPI,511.1111111111111,20000,0,0.9471,0.0002495081830892739,0.015795828027972254,0.000272777556769663,0.2330292160971836,0.23275643854041395,0.061150663513203495,0.0022404004851502035,0.00024368494927615742,511.06917625759803,511.10731502829594,0.0419348535130896,0.017315027072187513,0.0041191797418179445,0.9504,0.015590966112238133,-9.593325546679185e-05,0.23312514935265038
MultiPPI,822.2222222222222,20000,0,0.9422,0.0001599215699269966,0.012646010039810841,0.00039493793785723387,0.2331513764782712,0.23275643854041395,0.0482340756557741,0.0014206347659837506,0.00015154035649498078,822.1801718193251,822.2184028505553,0.04205040289707734,0.017191203757189213,0.004198015606166602,0.94765,0.01238843182615302,2.622712562077903e-05,0.23312514935265038
MultiPPI,1133.3333333333333,20000,0,0.94295,0.00011674116750584684,0.01080468266567079,0.0003233212031128436,0.23307975974352677,0.23275643854041395,0.04109271445605111,0.0010427443199113532,0.00010996463333245863,1133.291244298889,1133.3291762733181,0.04208903444413012,0.017124729360919445,0.004297347155156801,0.94935,0.01047832574557732,-4.538960912361126e-05,0.23312514935265038
MultiPPI,1444.4444444444443,20000,0,0.9427,9.238631479084819e-05,0.009611780001167745,0.00032697550810376665,0.2330834140485177,0.23275643854041395,0.036410980736670186,0.0008411951813561879,8.632573939183565e-05,1444.4024434395305,1444.4389016977573,0.042001004913841886,0.016984161667898297,0.004371839248803936,0.95135,0.00924693382558102,-4.1735304132688203e-05,0.23312514935265038
MultiPPI,1755.5555555555554,20000,0,0.9388,7.704704278627338e-05,0.008777644489626665,0.00035326291231975524,0.2331097014527337,0.23275643854041395,0.03301101564862505,0.0007054198991900447,7.095121914583502e-05,1755.5135656885348,1755.5508279186752,0.04198986702052549,0.01718864324549213,0.004647331389110518,0.9485,0.00844251793226866,-1.5447899916699583e-05,0.23312514935265038
MultiPPI,2066.6666666666665,20000,0,0.93555,6.629163519649392e-05,0.00814196752612622,0.00039072139586465574,0.2331471599362786,0.23275643854041395,0.030430774427778726,0.0006101255133931842,6.028987359002803e-05,2066.6247309421506,2066.6606581429473,0.04193572451601974,0.01672626251317561,0.0045267011501322505,0.95015,0.0077459862133454375,2.2010583628200897e-05,0.23312514935265038
MultiPPI,2377.7777777777774,20000,0,0.93485,5.907195207984677e-05,0.007685828002228958,0.00038005083201869867,0.23313648937243264,0.23275643854041395,0.02837238615646417,0.0005390343147015502,5.24073585884839e-05,2377.7358169513727,2377.7745755606793,0.041960826404502424,0.016640754313301295,0.004609662669950929,0.9503,0.007289175619892542,1.1340019782243795e-05,0.23312514935265038
MultiPPI,2688.8888888888887,20000,0,0.93155,5.3520551631955205e-05,0.0073157741649093585,0.00044913018174669945,0.2332055687221606,0.23275643854041395,0.026679318823205136,0.0004822170706046655,4.633777217076145e-05,2688.8470783535945,2688.883986585621,0.041810535294075635,0.016486836217623205,0.0046421850870352705,0.9492,0.00685023180430082,8.041936951024458e-05,0.23312514935265038
MultiPPI,3000.0,20000,0,0.935,4.737138603155184e-05,0.00688268741347098,0.00032672916396950995,0.23308316770438345,0.23275643854041395,0.025260664781995956,0.0004370234638554575,4.153969852210473e-05,2999.9581091333052,2999.993607210229,0.0418908666946432,0.016404808754380794,0.004704300648858808,0.9511,0.006390890976306426,-4.198164826694486e-05,0.23312514935265038
OMPPI(DAG),200.0,20000,0,0.9464,0.000633237444533481,0.02516420959484881,0.00031285396078846494,0.23306929250120237,0.23275643854041395,0.09730684499670893,0.006320473090344708,0.0006188123386001944,197.50204185705303,199.23286522741563,2.497958142946974,0.015074990983400495,0.0035260237948222606,0.9467,0.025033430273457932,-5.585685144798989e-05,0.23312514935265038
OMPPI(DAG),511.1111111111111,20000,0,0.9457,0.00024518184547438817,0.0156582836056315,0.00031832351562477006,0.23307476205603872,0.23275643854041395,0.060715613385607915,0.0024182800847644135,0.00024028849893332254,508.61020268287575,510.4866904212953,2.5009084282353813,0.014992180108558387,0.0036136070491060964,0.94985,0.015462122657021262,-5.0387296611684816e-05,0.23312514935265038
OMPPI(DAG),822.2222222222222,20000,0,0.9426,0.00015720266024740132,0.012538048502354794,0.00034814738330343764,0.23310458592371738,0.23275643854041395,0.04782743592192565,0.0015249490879800465,0.00014901819121281116,819.7213764200377,821.4973800041919,2.5008458021844517,0.014903278507385403,0.0036818463590310465,0.9476,0.012275682372962725,-2.0563428933017183e-05,0.23312514935265038
OMPPI(DAG),1133.3333333333333,20000,0,0.9425,0.00011506232582240587,0.01072671085759311,0.0005388637039580536,0.23329530224437198,0.23275643854041395,0.0407281679887116,0.0011079137691128004,0.00010803259625746186,1130.8345017711172,1132.6311045902326,2.498831562216104,0.014829541754350067,0.003768104006803868,0.94965,0.010413868217370543,0.00017015289172159882,0.23312514935265038
OMPPI(DAG),1444.4444444444443,20000,0,0.94075,9.197861836063046e-05,0.009590548386856221,0.00041611292504369117,0.23317255146545762,0.23275643854041395,0.03606939111103968,0.0008925246475570851,8.472025839017105e-05,1441.9459070897085,1443.689373297003,2.498537354735703,0.014707636985182761,0.003830277453575797,0.94825,0.009247614962235251,4.7402112807236335e-05,0.23312514935265038
OMPPI(DAG),1755.5555555555554,20000,0,0.93775,7.617167753598307e-05,0.008727638714794688,0.00036128878292912656,0.23311772732334307,0.23275643854041395,0.032715762227654405,0.0007354397236960791,6.96910986596579e-05,1753.0597545116327,1754.9937120100608,2.495801043922664,0.014615527004748583,0.0039056151187989493,0.9478,0.008376651803376208,-7.422029307328265e-06,0.23312514935265038
OMPPI(DAG),2066.6666666666665,20000,0,0.93485,6.637696369424513e-05,0.008147205882647446,0.00042881926590641244,0.23318525780632035,0.23275643854041395,0.030149442048535095,0.0006367232129070083,5.91828713038688e-05,2064.1615040976735,2065.949276881157,2.5051625689930943,0.014473272321559488,0.003956423235591563,0.94635,0.007740975831713631,6.0108453669957674e-05,0.23312514935265038
OMPPI(DAG),2377.7777777777774,20000,0,0.93415,5.8190273532167935e-05,0.007628254946720641,0.0003679221743100655,0.23312436071472398,0.23275643854041395,0.028107069711805262,0.0005660921545245464,5.143409372444293e-05,2375.275115421295,2377.1989100817436,2.5026623564820722,0.014386490860302002,0.004017620913647642,0.94965,0.007186422286835661,-7.88637926389367e-07,0.23312514935265038
OMPPI(DAG),2688.8888888888887,20000,0,0.93115,5.2309907921252466e-05,0.007232558877828265,0.0003806232393203923,0.2331370617797343,0.23275643854041395,0.026427358837814385,0.0005004111476926537,4.546812334516534e-05,2686.389352426116,2688.256969188849,2.499536462772595,0.014267931803315878,0.004041833697555156,0.94865,0.006768672151253004,1.1912427083937469e-05,0.23312514935265038
OMPPI(DAG),3000.0,20000,0,0.9312,4.776088423737316e-05,0.006910924991444572,0.0005065376122314537,0.23326297615264538,0.23275643854041395,0.02502250934677164,0.0004544602214553453,4.076137002962073e-05,2997.5026544854327,2999.23035003144,2.4973455145672085,0.014195231089554727,0.004093645063537598,0.948,0.006416633864155458,0.00013782679999499884,0.23312514935265038
OMPPI(Exhaustive),200.0,20000,0,0.94855,0.0006275988217932263,0.025051922516909284,0.0005172086310155138,0.23327364717142945,0.23275643854041395,0.09741156282710856,0.006224125549115598,0.0006200606865129906,197.50204185705303,199.23286522741563,2.497958142946974,0.01447432907745242,0.0033452963803569814,0.94925,0.024908266277243872,0.00014849781877905902,0.23312514935265038
OMPPI(Exhaustive),511.1111111111111,20000,0,0.94655,0.0002449295936335889,0.015650226632020026,0.0005314291459151388,0.2332878676863291,0.23275643854041395,0.06073544680112642,0.0024097528424732594,0.0002404425824276595,508.61020268287575,510.4866904212953,2.5009084282353813,0.01410629566879943,0.0033734665113743434,0.9505,0.015428695593577966,0.00016271833367868392,0.23312514935265038
OMPPI(Exhaustive),822.2222222222222,20000,0,0.94525,0.00015523360545147247,0.012459277886437579,0.0002808754181251376,0.23303731395853905,0.23275643854041395,0.047840341190567834,0.0015145100797794514,0.00014909647468970457,819.7213764200377,821.4973800041919,2.5008458021844517,0.014079663609527051,0.0034511057981405123,0.94975,0.012206776783420109,-8.783539411131725e-05,0.23312514935265038
OMPPI(Exhaustive),1133.3333333333333,20000,0,0.94445,0.00011388952977451098,0.01067190375586807,0.000267951508604814,0.23302439004901876,0.23275643854041395,0.04072622792784426,0.0011136151378504744,0.00010802313622088439,1130.8345017711172,1132.6311045902326,2.498831562216104,0.013963771702442318,0.0035168095766186687,0.9503,0.010356796261844312,-0.0001007593036316408,0.23312514935265038
OMPPI(Exhaustive),1444.4444444444443,20000,0,0.94215,9.07779468480185e-05,0.009527746157828644,0.00036180508266148663,0.23311824362307543,0.23275643854041395,0.036076207363314884,0.0008904995876327898,8.47520270535973e-05,1441.9459070897085,1443.689373297003,2.498537354735703,0.013903553705103695,0.003588421423760763,0.94955,0.009178886967647343,-6.905729574968193e-06,0.23312514935265038
OMPPI(Exhaustive),1755.5555555555554,20000,0,0.9376,7.664687660829202e-05,0.008754820192801906,0.0003631631396173575,0.2331196016800313,0.23275643854041395,0.03271747991230371,0.0007455721186643317,6.9699389723558e-05,1753.0597545116327,1754.9937120100608,2.495801043922664,0.013766056712716818,0.003650374331520955,0.94785,0.008400438945083247,-5.5476726190973505e-06,0.23312514935265038
OMPPI(Exhaustive),2066.6666666666665,20000,0,0.93755,6.546066514585865e-05,0.008090776547764663,0.00037413713131291613,0.23313057567172688,0.23275643854041395,0.03014995134496038,0.000638778105922329,5.918504047675065e-05,2064.1615040976735,2065.949276881157,2.5051625689930943,0.013681860747002065,0.0037015944891175437,0.951,0.007666876094196466,5.426319076461281e-06,0.23312514935265038
OMPPI(Exhaustive),2377.7777777777774,20000,0,0.9346,5.7987913164523265e-05,0.007614979524891925,0.0003817577629265176,0.23313819630334046,0.23275643854041395,0.028104448436611848,0.0005609297662346869,5.1424125916696206e-05,2375.275115421295,2377.1989100817436,2.5026623564820722,0.013553539081290365,0.0037475516602440907,0.9503,0.0071686368747745635,1.3046950690062825e-05,0.23312514935265038
OMPPI(Exhaustive),2688.8888888888887,20000,0,0.9333,5.22687039626734e-05,0.007229709811788673,0.00035879367296094103,0.23311523221337488,0.23275643854041395,0.02643274420988637,0.0005001038030410092,4.548662958513852e-05,2686.389352426116,2688.256969188849,2.499536462772595,0.013499095840472729,0.0037822452046641095,0.95135,0.006741675770549932,-9.917139275513809e-06,0.23312514935265038
OMPPI(Exhaustive),3000.0,20000,0,0.93305,4.69926514315678e-05,0.006855118630014203,0.00036037384949707467,0.233116812389911,0.23275643854041395,0.025022069426259886,0.0004631323242470863,4.076045510521595e-05,2997.5026544854327,2999.23035003144,2.4973455145672085,0.013367275639157742,0.003827824232763208,0.9489,0.006395097631784239,-8.336962739380202e-06,0.23312514935265038
VectorPPI++,200.0,20000,0,0.9429,0.0008509908787387614,0.02917174795480657,4.5036040659731774e-05,0.23280147458107367,0.23275643854041395,0.11311611706739354,0.01054534245629658,0.000839944877072792,198.07220901278558,199.52085516663172,1.9277909872144183,0.007525699493195861,0.0013231978512639258,0.9439,0.02903150654589917,-0.00032367477157672306,0.23312514935265038
VectorPPI++,511.1111111111111,20000,0,0.9441,0.0003375568386663157,0.01837271995830546,0.0003761773434158742,0.2331326158838298,0.23275643854041395,0.07081427883021842,0.005171765449670511,0.00032809201803714013,509.19748521274363,510.75833158666944,1.9136258983674215,0.007230488101486117,0.0014802783557588406,0.9464,0.01819215035482881,7.466531179419382e-06,0.23312514935265038
VectorPPI++,822.2222222222222,20000,0,0.94745,0.00020839937456902405,0.014436044283979738,0.000334680553610338,0.23309111909402427,0.23275643854041395,0.055851970656446745,0.004016913476903609,0.00020406163124919602,820.3110016872773,821.681618109411,1.9112205349448654,0.007203321631811559,0.0015145978707418665,0.9492,0.014242397183164796,-3.403025862611685e-05,0.23312514935265038
VectorPPI++,1133.3333333333333,20000,0,0.94395,0.00015649440328291872,0.01250977231139395,0.00032188302230168943,0.2330783215627156,0.23275643854041395,0.0475978754470236,0.00404626744720242,0.0001485066816555332,1131.4224223328442,1132.9033745546008,1.9109110004889789,0.007185207263939082,0.0015497908901399228,0.9479,0.012257555568703,-4.682778993476539e-05,0.23312514935265038
VectorPPI++,1444.4444444444443,20000,0,0.9441,0.00012396579550090026,0.011133992792385859,0.0002896424106831411,0.23304608095109705,0.23275643854041395,0.04213284540552525,0.0028124394871183412,0.00011604224889371637,1442.5340191678893,1443.9867952211275,1.9104252765550003,0.007173862881865352,0.0015891260452519545,0.9478,0.010824344343842702,-7.906840155331374e-05,0.23312514935265038
VectorPPI++,1755.5555555555554,20000,0,0.9435,0.00010135267369776664,0.01006740650305562,0.00039651050180236267,0.23315294904221628,0.23275643854041395,0.038232606972455736,0.0027534883590240007,9.562210761269789e-05,1753.6444367323413,1755.06413749738,1.9111188232141867,0.0071476660569198425,0.0016249826747991715,0.9499,0.009770431712274943,2.779968956590785e-05,0.23312514935265038
VectorPPI++,2066.6666666666665,20000,0,0.94325,8.70379830531606e-05,0.009329414936273367,0.000393479597891463,0.23314991813830538,0.23275643854041395,0.035246585637919416,0.0028556782278439693,8.138030029053586e-05,2064.7529578599874,2066.333682666108,1.913708806679074,0.00712307468354702,0.001659438943890134,0.9501,0.008991209942945529,2.4768785655008143e-05,0.23312514935265038
VectorPPI++,2377.7777777777774,20000,0,0.9391,7.685078861309533e-05,0.00876645815669563,0.0004241257248027294,0.23318056426521666,0.23275643854041395,0.03283939894978951,0.001862012543354205,7.040899637608364e-05,2375.8680196814084,2377.359044225529,1.9097580963688465,0.007098605405632406,0.0016876491931434293,0.95035,0.008383453352108884,5.5414912566274556e-05,0.23312514935265038
VectorPPI++,2688.8888888888887,20000,0,0.9379,6.867911988600246e-05,0.008287286641959627,0.0002990004300024232,0.23305543897041633,0.23275643854041395,0.030875246981211444,0.0020253271288859097,6.230592762538817e-05,2686.9776258541187,2688.3651226158036,1.9112630347700283,0.0070831838698126376,0.001724694139719082,0.9488,0.007894523480847898,-6.971038223403161e-05,0.23312514935265038
VectorPPI++,3000.0,20000,0,0.936,6.274467410937819e-05,0.0079211535845089,0.00039704370873474426,0.2331534822491487,0.23275643854041395,0.02925070732999295,0.002130911153430852,5.597772062373561e-05,2998.089558342067,2999.6648501362397,1.9104416579333268,0.007059304496087134,0.0017436959662416197,0.9487,0.007507474001652484,2.833289649828943e-05,0.23312514935265038
